CONDITION	MODE	DIST	DOMAIN	RATIO	SEED	TRAIN_JOBID	TAG
baseline	mixed	dtw	in_domain	NA	0	manual_20260505_095326	baseline_domain_knn_dtw_in_domain_mixed_split2_s0
baseline	mixed	dtw	in_domain	NA	1	manual_20260506_003750	baseline_domain_knn_dtw_in_domain_mixed_split2_s1
baseline	mixed	dtw	in_domain	NA	123	manual_20260505_160725	baseline_domain_knn_dtw_in_domain_mixed_split2_s123
baseline	mixed	dtw	in_domain	NA	13	manual_20260505_105340	baseline_domain_knn_dtw_in_domain_mixed_split2_s13
baseline	mixed	dtw	in_domain	NA	1337	manual_20260505_172941	baseline_domain_knn_dtw_in_domain_mixed_split2_s1337
baseline	mixed	dtw	in_domain	NA	2024	manual_20260505_195215	baseline_domain_knn_dtw_in_domain_mixed_split2_s2024
baseline	mixed	dtw	in_domain	NA	3	manual_20260505_102332	baseline_domain_knn_dtw_in_domain_mixed_split2_s3
baseline	mixed	dtw	in_domain	NA	42	manual_20260505_105340	baseline_domain_knn_dtw_in_domain_mixed_split2_s42
baseline	mixed	dtw	in_domain	NA	512	manual_20260505_115357	baseline_domain_knn_dtw_in_domain_mixed_split2_s512
baseline	mixed	dtw	in_domain	NA	7	manual_20260505_102333	baseline_domain_knn_dtw_in_domain_mixed_split2_s7
baseline	mixed	dtw	in_domain	NA	999	manual_20260506_122341	baseline_domain_knn_dtw_in_domain_mixed_split2_s999
baseline	mixed	dtw	out_domain	NA	0	manual_20260504_232119	baseline_domain_knn_dtw_out_domain_mixed_split2_s0
baseline	mixed	dtw	out_domain	NA	1	manual_20260505_060526	baseline_domain_knn_dtw_out_domain_mixed_split2_s1
baseline	mixed	dtw	out_domain	NA	123	manual_20260505_064535	baseline_domain_knn_dtw_out_domain_mixed_split2_s123
baseline	mixed	dtw	out_domain	NA	13	manual_20260505_134723	baseline_domain_knn_dtw_out_domain_mixed_split2_s13
baseline	mixed	dtw	out_domain	NA	1337	manual_20260505_083936	baseline_domain_knn_dtw_out_domain_mixed_split2_s1337
baseline	mixed	dtw	out_domain	NA	2024	manual_20260505_025210	baseline_domain_knn_dtw_out_domain_mixed_split2_s2024
baseline	mixed	dtw	out_domain	NA	256	manual_20260505_012147	baseline_domain_knn_dtw_out_domain_mixed_split2_s256
baseline	mixed	dtw	out_domain	NA	3	manual_20260504_235124	baseline_domain_knn_dtw_out_domain_mixed_split2_s3
baseline	mixed	dtw	out_domain	NA	42	manual_20260505_005138	baseline_domain_knn_dtw_out_domain_mixed_split2_s42
baseline	mixed	dtw	out_domain	NA	512	manual_20260505_153017	baseline_domain_knn_dtw_out_domain_mixed_split2_s512
baseline	mixed	dtw	out_domain	NA	7	manual_20260505_062901	baseline_domain_knn_dtw_out_domain_mixed_split2_s7
baseline	mixed	dtw	out_domain	NA	999	manual_20260505_074221	baseline_domain_knn_dtw_out_domain_mixed_split2_s999
baseline	mixed	mmd	in_domain	NA	0	manual_20260504_131932	baseline_domain_knn_mmd_in_domain_mixed_split2_s0
baseline	mixed	mmd	in_domain	NA	1	manual_20260504_131932	baseline_domain_knn_mmd_in_domain_mixed_split2_s1
baseline	mixed	mmd	in_domain	NA	123	manual_20260504_144947	baseline_domain_knn_mmd_in_domain_mixed_split2_s123
baseline	mixed	mmd	in_domain	NA	13	manual_20260504_141941	baseline_domain_knn_mmd_in_domain_mixed_split2_s13
baseline	mixed	mmd	in_domain	NA	1337	manual_20260504_162004	baseline_domain_knn_mmd_in_domain_mixed_split2_s1337
baseline	mixed	mmd	in_domain	NA	2024	manual_20260504_165012	baseline_domain_knn_mmd_in_domain_mixed_split2_s2024
baseline	mixed	mmd	in_domain	NA	3	manual_20260504_134935	baseline_domain_knn_mmd_in_domain_mixed_split2_s3
baseline	mixed	mmd	in_domain	NA	42	manual_20260505_083836	baseline_domain_knn_mmd_in_domain_mixed_split2_s42
baseline	mixed	mmd	in_domain	NA	512	manual_20260504_151952	baseline_domain_knn_mmd_in_domain_mixed_split2_s512
baseline	mixed	mmd	in_domain	NA	7	manual_20260504_134936	baseline_domain_knn_mmd_in_domain_mixed_split2_s7
baseline	mixed	mmd	in_domain	NA	999	manual_20260504_154958	baseline_domain_knn_mmd_in_domain_mixed_split2_s999
baseline	mixed	mmd	out_domain	NA	0	manual_20260504_112709	baseline_domain_knn_mmd_out_domain_mixed_split2_s0
baseline	mixed	mmd	out_domain	NA	1	manual_20260504_114044	baseline_domain_knn_mmd_out_domain_mixed_split2_s1
baseline	mixed	mmd	out_domain	NA	123	manual_20260504_203335	baseline_domain_knn_mmd_out_domain_mixed_split2_s123
baseline	mixed	mmd	out_domain	NA	13	manual_20260504_085259	baseline_domain_knn_mmd_out_domain_mixed_split2_s13
baseline	mixed	mmd	out_domain	NA	1337	manual_20260504_231446	baseline_domain_knn_mmd_out_domain_mixed_split2_s1337
baseline	mixed	mmd	out_domain	NA	2024	manual_20260505_120458	baseline_domain_knn_mmd_out_domain_mixed_split2_s2024
baseline	mixed	mmd	out_domain	NA	256	manual_20260504_135807	baseline_domain_knn_mmd_out_domain_mixed_split2_s256
baseline	mixed	mmd	out_domain	NA	3	manual_20260504_055611	baseline_domain_knn_mmd_out_domain_mixed_split2_s3
baseline	mixed	mmd	out_domain	NA	42	manual_20260504_110133	baseline_domain_knn_mmd_out_domain_mixed_split2_s42
baseline	mixed	mmd	out_domain	NA	512	manual_20260504_153826	baseline_domain_knn_mmd_out_domain_mixed_split2_s512
baseline	mixed	mmd	out_domain	NA	7	manual_20260504_092839	baseline_domain_knn_mmd_out_domain_mixed_split2_s7
baseline	mixed	mmd	out_domain	NA	999	manual_20260504_212350	baseline_domain_knn_mmd_out_domain_mixed_split2_s999
baseline	mixed	wasserstein	in_domain	NA	0	manual_20260506_060233	baseline_domain_knn_wasserstein_in_domain_mixed_split2_s0
baseline	mixed	wasserstein	in_domain	NA	1	manual_20260506_120106	baseline_domain_knn_wasserstein_in_domain_mixed_split2_s1
baseline	mixed	wasserstein	in_domain	NA	123	manual_20260506_073242	baseline_domain_knn_wasserstein_in_domain_mixed_split2_s123
baseline	mixed	wasserstein	in_domain	NA	13	manual_20260506_070237	baseline_domain_knn_wasserstein_in_domain_mixed_split2_s13
baseline	mixed	wasserstein	in_domain	NA	1337	manual_20260506_083251	baseline_domain_knn_wasserstein_in_domain_mixed_split2_s1337
baseline	mixed	wasserstein	in_domain	NA	2024	manual_20260506_150128	baseline_domain_knn_wasserstein_in_domain_mixed_split2_s2024
baseline	mixed	wasserstein	in_domain	NA	3	manual_20260506_063231	baseline_domain_knn_wasserstein_in_domain_mixed_split2_s3
baseline	mixed	wasserstein	in_domain	NA	42	manual_20260506_073241	baseline_domain_knn_wasserstein_in_domain_mixed_split2_s42
baseline	mixed	wasserstein	in_domain	NA	512	manual_20260506_080247	baseline_domain_knn_wasserstein_in_domain_mixed_split2_s512
baseline	mixed	wasserstein	in_domain	NA	7	manual_20260506_124915	baseline_domain_knn_wasserstein_in_domain_mixed_split2_s7
baseline	mixed	wasserstein	out_domain	NA	0	manual_20260506_061327	baseline_domain_knn_wasserstein_out_domain_mixed_split2_s0
baseline	mixed	wasserstein	out_domain	NA	1	manual_20260505_202925	baseline_domain_knn_wasserstein_out_domain_mixed_split2_s1
baseline	mixed	wasserstein	out_domain	NA	123	manual_20260505_213009	baseline_domain_knn_wasserstein_out_domain_mixed_split2_s123
baseline	mixed	wasserstein	out_domain	NA	13	manual_20260505_210001	baseline_domain_knn_wasserstein_out_domain_mixed_split2_s13
baseline	mixed	wasserstein	out_domain	NA	1337	manual_20260505_230029	baseline_domain_knn_wasserstein_out_domain_mixed_split2_s1337
baseline	mixed	wasserstein	out_domain	NA	2024	manual_20260505_233035	baseline_domain_knn_wasserstein_out_domain_mixed_split2_s2024
baseline	mixed	wasserstein	out_domain	NA	256	manual_20260506_030350	baseline_domain_knn_wasserstein_out_domain_mixed_split2_s256
baseline	mixed	wasserstein	out_domain	NA	3	manual_20260505_202955	baseline_domain_knn_wasserstein_out_domain_mixed_split2_s3
baseline	mixed	wasserstein	out_domain	NA	42	manual_20260505_210002	baseline_domain_knn_wasserstein_out_domain_mixed_split2_s42
baseline	mixed	wasserstein	out_domain	NA	512	manual_20260505_220014	baseline_domain_knn_wasserstein_out_domain_mixed_split2_s512
baseline	mixed	wasserstein	out_domain	NA	7	manual_20260506_021110	baseline_domain_knn_wasserstein_out_domain_mixed_split2_s7
baseline	mixed	wasserstein	out_domain	NA	999	manual_20260505_223022	baseline_domain_knn_wasserstein_out_domain_mixed_split2_s999
baseline	source_only	dtw	in_domain	NA	0	manual_20260505_091515	baseline_domain_knn_dtw_in_domain_source_only_split2_s0
baseline	source_only	dtw	in_domain	NA	1	manual_20260505_035153	baseline_domain_knn_dtw_in_domain_source_only_split2_s1
baseline	source_only	dtw	in_domain	NA	123	manual_20260505_052216	baseline_domain_knn_dtw_in_domain_source_only_split2_s123
baseline	source_only	dtw	in_domain	NA	13	manual_20260505_045209	baseline_domain_knn_dtw_in_domain_source_only_split2_s13
baseline	source_only	dtw	in_domain	NA	1337	manual_20260505_062230	baseline_domain_knn_dtw_in_domain_source_only_split2_s1337
baseline	source_only	dtw	in_domain	NA	2024	manual_20260505_130644	baseline_domain_knn_dtw_in_domain_source_only_split2_s2024
baseline	source_only	dtw	in_domain	NA	256	manual_20260505_122032	baseline_domain_knn_dtw_in_domain_source_only_split2_s256
baseline	source_only	dtw	in_domain	NA	3	manual_20260505_105140	baseline_domain_knn_dtw_in_domain_source_only_split2_s3
baseline	source_only	dtw	in_domain	NA	42	manual_20260505_194213	baseline_domain_knn_dtw_in_domain_source_only_split2_s42
baseline	source_only	dtw	in_domain	NA	512	manual_20260505_055222	baseline_domain_knn_dtw_in_domain_source_only_split2_s512
baseline	source_only	dtw	in_domain	NA	7	manual_20260505_042201	baseline_domain_knn_dtw_in_domain_source_only_split2_s7
baseline	source_only	dtw	in_domain	NA	999	manual_20260505_062230	baseline_domain_knn_dtw_in_domain_source_only_split2_s999
baseline	source_only	dtw	out_domain	NA	0	manual_20260505_011746	baseline_domain_knn_dtw_out_domain_source_only_split2_s0
baseline	source_only	dtw	out_domain	NA	1	manual_20260506_154802	baseline_domain_knn_dtw_out_domain_source_only_split2_s1
baseline	source_only	dtw	out_domain	NA	123	manual_20260506_154803	baseline_domain_knn_dtw_out_domain_source_only_split2_s123
baseline	source_only	dtw	out_domain	NA	13	manual_20260504_185039	baseline_domain_knn_dtw_out_domain_source_only_split2_s13
baseline	source_only	dtw	out_domain	NA	1337	manual_20260504_195054	baseline_domain_knn_dtw_out_domain_source_only_split2_s1337
baseline	source_only	dtw	out_domain	NA	2024	manual_20260504_202033	baseline_domain_knn_dtw_out_domain_source_only_split2_s2024
baseline	source_only	dtw	out_domain	NA	256	manual_20260504_192017	baseline_domain_knn_dtw_out_domain_source_only_split2_s256
baseline	source_only	dtw	out_domain	NA	3	manual_20260504_175024	baseline_domain_knn_dtw_out_domain_source_only_split2_s3
baseline	source_only	dtw	out_domain	NA	42	manual_20260506_154808	baseline_domain_knn_dtw_out_domain_source_only_split2_s42
baseline	source_only	dtw	out_domain	NA	512	manual_20260504_192047	baseline_domain_knn_dtw_out_domain_source_only_split2_s512
baseline	source_only	dtw	out_domain	NA	7	manual_20260504_182031	baseline_domain_knn_dtw_out_domain_source_only_split2_s7
baseline	source_only	dtw	out_domain	NA	999	manual_20260504_195024	baseline_domain_knn_dtw_out_domain_source_only_split2_s999
baseline	source_only	mmd	in_domain	NA	0	manual_20260505_010914	baseline_domain_knn_mmd_in_domain_source_only_split2_s0
baseline	source_only	mmd	in_domain	NA	123	manual_20260503_181224	baseline_domain_knn_mmd_in_domain_source_only_split2_s123
baseline	source_only	mmd	in_domain	NA	13	manual_20260504_100300	baseline_domain_knn_mmd_in_domain_source_only_split2_s13
baseline	source_only	mmd	in_domain	NA	1337	manual_20260504_100249	baseline_domain_knn_mmd_in_domain_source_only_split2_s1337
baseline	source_only	mmd	in_domain	NA	2024	manual_20260505_031143	baseline_domain_knn_mmd_in_domain_source_only_split2_s2024
baseline	source_only	mmd	in_domain	NA	256	manual_20260504_100221	baseline_domain_knn_mmd_in_domain_source_only_split2_s256
baseline	source_only	mmd	in_domain	NA	3	manual_20260504_201702	baseline_domain_knn_mmd_in_domain_source_only_split2_s3
baseline	source_only	mmd	in_domain	NA	42	manual_20260503_172507	baseline_domain_knn_mmd_in_domain_source_only_split2_s42
baseline	source_only	mmd	in_domain	NA	512	manual_20260504_100304	baseline_domain_knn_mmd_in_domain_source_only_split2_s512
baseline	source_only	mmd	in_domain	NA	7	manual_20260504_100219	baseline_domain_knn_mmd_in_domain_source_only_split2_s7
baseline	source_only	mmd	in_domain	NA	999	manual_20260504_100304	baseline_domain_knn_mmd_in_domain_source_only_split2_s999
baseline	source_only	mmd	out_domain	NA	123	manual_20260503_135345	baseline_domain_knn_mmd_out_domain_source_only_split2_s123
baseline	source_only	mmd	out_domain	NA	1337	manual_20260506_164442	baseline_domain_knn_mmd_out_domain_source_only_split2_s1337
baseline	source_only	mmd	out_domain	NA	2024	manual_20260506_170447	baseline_domain_knn_mmd_out_domain_source_only_split2_s2024
baseline	source_only	mmd	out_domain	NA	42	manual_20260503_135344	baseline_domain_knn_mmd_out_domain_source_only_split2_s42
baseline	source_only	mmd	out_domain	NA	512	manual_20260506_155833	baseline_domain_knn_mmd_out_domain_source_only_split2_s512
baseline	source_only	mmd	out_domain	NA	999	manual_20260506_162839	baseline_domain_knn_mmd_out_domain_source_only_split2_s999
baseline	source_only	wasserstein	in_domain	NA	0	manual_20260506_062500	baseline_domain_knn_wasserstein_in_domain_source_only_split2_s0
baseline	source_only	wasserstein	in_domain	NA	1	manual_20260506_000042	baseline_domain_knn_wasserstein_in_domain_source_only_split2_s1
baseline	source_only	wasserstein	in_domain	NA	123	manual_20260506_084955	baseline_domain_knn_wasserstein_in_domain_source_only_split2_s123
baseline	source_only	wasserstein	in_domain	NA	13	manual_20260506_003048	baseline_domain_knn_wasserstein_in_domain_source_only_split2_s13
baseline	source_only	wasserstein	in_domain	NA	1337	manual_20260506_023113	baseline_domain_knn_wasserstein_in_domain_source_only_split2_s1337
baseline	source_only	wasserstein	in_domain	NA	2024	manual_20260506_151959	baseline_domain_knn_wasserstein_in_domain_source_only_split2_s2024
baseline	source_only	wasserstein	in_domain	NA	256	manual_20260506_013103	baseline_domain_knn_wasserstein_in_domain_source_only_split2_s256
baseline	source_only	wasserstein	in_domain	NA	3	manual_20260506_000044	baseline_domain_knn_wasserstein_in_domain_source_only_split2_s3
baseline	source_only	wasserstein	in_domain	NA	42	manual_20260506_083422	baseline_domain_knn_wasserstein_in_domain_source_only_split2_s42
baseline	source_only	wasserstein	in_domain	NA	512	manual_20260506_020110	baseline_domain_knn_wasserstein_in_domain_source_only_split2_s512
baseline	source_only	wasserstein	in_domain	NA	7	manual_20260506_165043	baseline_domain_knn_wasserstein_in_domain_source_only_split2_s7
baseline	source_only	wasserstein	in_domain	NA	999	manual_20260506_145727	baseline_domain_knn_wasserstein_in_domain_source_only_split2_s999
baseline	source_only	wasserstein	out_domain	NA	0	manual_20260505_132419	baseline_domain_knn_wasserstein_out_domain_source_only_split2_s0
baseline	source_only	wasserstein	out_domain	NA	1	manual_20260505_202854	baseline_domain_knn_wasserstein_out_domain_source_only_split2_s1
baseline	source_only	wasserstein	out_domain	NA	123	manual_20260505_233135	baseline_domain_knn_wasserstein_out_domain_source_only_split2_s123
baseline	source_only	wasserstein	out_domain	NA	13	manual_20260505_222350	baseline_domain_knn_wasserstein_out_domain_source_only_split2_s13
baseline	source_only	wasserstein	out_domain	NA	1337	manual_20260505_162529	baseline_domain_knn_wasserstein_out_domain_source_only_split2_s1337
baseline	source_only	wasserstein	out_domain	NA	2024	manual_20260505_162529	baseline_domain_knn_wasserstein_out_domain_source_only_split2_s2024
baseline	source_only	wasserstein	out_domain	NA	256	manual_20260505_233436	baseline_domain_knn_wasserstein_out_domain_source_only_split2_s256
baseline	source_only	wasserstein	out_domain	NA	3	manual_20260505_205159	baseline_domain_knn_wasserstein_out_domain_source_only_split2_s3
baseline	source_only	wasserstein	out_domain	NA	42	manual_20260505_145441	baseline_domain_knn_wasserstein_out_domain_source_only_split2_s42
baseline	source_only	wasserstein	out_domain	NA	512	manual_20260505_155524	baseline_domain_knn_wasserstein_out_domain_source_only_split2_s512
baseline	source_only	wasserstein	out_domain	NA	7	manual_20260505_142433	baseline_domain_knn_wasserstein_out_domain_source_only_split2_s7
baseline	source_only	wasserstein	out_domain	NA	999	manual_20260505_234538	baseline_domain_knn_wasserstein_out_domain_source_only_split2_s999
baseline	target_only	dtw	in_domain	NA	0	manual_20260505_065237	baseline_domain_knn_dtw_in_domain_target_only_split2_s0
baseline	target_only	dtw	in_domain	NA	1	manual_20260505_072243	baseline_domain_knn_dtw_in_domain_target_only_split2_s1
baseline	target_only	dtw	in_domain	NA	123	manual_20260505_082306	baseline_domain_knn_dtw_in_domain_target_only_split2_s123
baseline	target_only	dtw	in_domain	NA	13	manual_20260505_075255	baseline_domain_knn_dtw_in_domain_target_only_split2_s13
baseline	target_only	dtw	in_domain	NA	1337	manual_20260505_092318	baseline_domain_knn_dtw_in_domain_target_only_split2_s1337
baseline	target_only	dtw	in_domain	NA	2024	manual_20260505_092318	baseline_domain_knn_dtw_in_domain_target_only_split2_s2024
baseline	target_only	dtw	in_domain	NA	256	manual_20260505_140959	baseline_domain_knn_dtw_in_domain_target_only_split2_s256
baseline	target_only	dtw	in_domain	NA	3	manual_20260505_072244	baseline_domain_knn_dtw_in_domain_target_only_split2_s3
baseline	target_only	dtw	in_domain	NA	42	manual_20260505_225257	baseline_domain_knn_dtw_in_domain_target_only_split2_s42
baseline	target_only	dtw	in_domain	NA	512	manual_20260505_085313	baseline_domain_knn_dtw_in_domain_target_only_split2_s512
baseline	target_only	dtw	in_domain	NA	7	manual_20260505_075254	baseline_domain_knn_dtw_in_domain_target_only_split2_s7
baseline	target_only	dtw	in_domain	NA	999	manual_20260505_085313	baseline_domain_knn_dtw_in_domain_target_only_split2_s999
baseline	target_only	dtw	out_domain	NA	0	manual_20260504_205040	baseline_domain_knn_dtw_out_domain_target_only_split2_s0
baseline	target_only	dtw	out_domain	NA	1	manual_20260504_205040	baseline_domain_knn_dtw_out_domain_target_only_split2_s1
baseline	target_only	dtw	out_domain	NA	123	manual_20260504_215100	baseline_domain_knn_dtw_out_domain_target_only_split2_s123
baseline	target_only	dtw	out_domain	NA	13	manual_20260505_035825	baseline_domain_knn_dtw_out_domain_target_only_split2_s13
baseline	target_only	dtw	out_domain	NA	1337	manual_20260504_225112	baseline_domain_knn_dtw_out_domain_target_only_split2_s1337
baseline	target_only	dtw	out_domain	NA	2024	manual_20260505_053719	baseline_domain_knn_dtw_out_domain_target_only_split2_s2024
baseline	target_only	dtw	out_domain	NA	256	manual_20260505_042201	baseline_domain_knn_dtw_out_domain_target_only_split2_s256
baseline	target_only	dtw	out_domain	NA	3	manual_20260504_212049	baseline_domain_knn_dtw_out_domain_target_only_split2_s3
baseline	target_only	dtw	out_domain	NA	42	manual_20260506_154808	baseline_domain_knn_dtw_out_domain_target_only_split2_s42
baseline	target_only	dtw	out_domain	NA	512	manual_20260504_222104	baseline_domain_knn_dtw_out_domain_target_only_split2_s512
baseline	target_only	dtw	out_domain	NA	7	manual_20260504_212049	baseline_domain_knn_dtw_out_domain_target_only_split2_s7
baseline	target_only	dtw	out_domain	NA	999	manual_20260504_225111	baseline_domain_knn_dtw_out_domain_target_only_split2_s999
baseline	target_only	mmd	in_domain	NA	0	manual_20260504_104901	baseline_domain_knn_mmd_in_domain_target_only_split2_s0
baseline	target_only	mmd	in_domain	NA	123	manual_20260506_181833	baseline_domain_knn_mmd_in_domain_target_only_split2_s123
baseline	target_only	mmd	in_domain	NA	13	manual_20260505_051343	baseline_domain_knn_mmd_in_domain_target_only_split2_s13
baseline	target_only	mmd	in_domain	NA	1337	manual_20260504_124926	baseline_domain_knn_mmd_in_domain_target_only_split2_s1337
baseline	target_only	mmd	in_domain	NA	2024	manual_20260504_124926	baseline_domain_knn_mmd_in_domain_target_only_split2_s2024
baseline	target_only	mmd	in_domain	NA	256	manual_20260504_114915	baseline_domain_knn_mmd_in_domain_target_only_split2_s256
baseline	target_only	mmd	in_domain	NA	3	manual_20260504_111908	baseline_domain_knn_mmd_in_domain_target_only_split2_s3
baseline	target_only	mmd	in_domain	NA	42	manual_20260503_140915	baseline_domain_knn_mmd_in_domain_target_only_split2_s42
baseline	target_only	mmd	in_domain	NA	512	manual_20260504_121921	baseline_domain_knn_mmd_in_domain_target_only_split2_s512
baseline	target_only	mmd	in_domain	NA	7	manual_20260504_111907	baseline_domain_knn_mmd_in_domain_target_only_split2_s7
baseline	target_only	mmd	in_domain	NA	999	manual_20260505_063403	baseline_domain_knn_mmd_in_domain_target_only_split2_s999
baseline	target_only	mmd	out_domain	NA	0	manual_20260504_145147	baseline_domain_knn_mmd_out_domain_target_only_split2_s0
baseline	target_only	mmd	out_domain	NA	1	manual_20260506_173123	baseline_domain_knn_mmd_out_domain_target_only_split2_s1
baseline	target_only	mmd	out_domain	NA	123	manual_20260503_162801	baseline_domain_knn_mmd_out_domain_target_only_split2_s123
baseline	target_only	mmd	out_domain	NA	13	manual_20260504_031559	baseline_domain_knn_mmd_out_domain_target_only_split2_s13
baseline	target_only	mmd	out_domain	NA	1337	manual_20260504_032101	baseline_domain_knn_mmd_out_domain_target_only_split2_s1337
baseline	target_only	mmd	out_domain	NA	2024	manual_20260504_033804	baseline_domain_knn_mmd_out_domain_target_only_split2_s2024
baseline	target_only	mmd	out_domain	NA	256	manual_20260504_013359	baseline_domain_knn_mmd_out_domain_target_only_split2_s256
baseline	target_only	mmd	out_domain	NA	3	manual_20260503_231925	baseline_domain_knn_mmd_out_domain_target_only_split2_s3
baseline	target_only	mmd	out_domain	NA	42	manual_20260503_151922	baseline_domain_knn_mmd_out_domain_target_only_split2_s42
baseline	target_only	mmd	out_domain	NA	512	manual_20260504_090533	baseline_domain_knn_mmd_out_domain_target_only_split2_s512
baseline	target_only	mmd	out_domain	NA	7	manual_20260504_031600	baseline_domain_knn_mmd_out_domain_target_only_split2_s7
baseline	target_only	mmd	out_domain	NA	999	manual_20260504_025424	baseline_domain_knn_mmd_out_domain_target_only_split2_s999
baseline	target_only	wasserstein	in_domain	NA	0	manual_20260506_030120	baseline_domain_knn_wasserstein_in_domain_target_only_split2_s0
baseline	target_only	wasserstein	in_domain	NA	1	manual_20260506_030120	baseline_domain_knn_wasserstein_in_domain_target_only_split2_s1
baseline	target_only	wasserstein	in_domain	NA	123	manual_20260506_183907	baseline_domain_knn_wasserstein_in_domain_target_only_split2_s123
baseline	target_only	wasserstein	in_domain	NA	13	manual_20260506_040132	baseline_domain_knn_wasserstein_in_domain_target_only_split2_s13
baseline	target_only	wasserstein	in_domain	NA	1337	manual_20260506_053222	baseline_domain_knn_wasserstein_in_domain_target_only_split2_s1337
baseline	target_only	wasserstein	in_domain	NA	2024	manual_20260506_114934	baseline_domain_knn_wasserstein_in_domain_target_only_split2_s2024
baseline	target_only	wasserstein	in_domain	NA	256	manual_20260506_050214	baseline_domain_knn_wasserstein_in_domain_target_only_split2_s256
baseline	target_only	wasserstein	in_domain	NA	3	manual_20260506_033125	baseline_domain_knn_wasserstein_in_domain_target_only_split2_s3
baseline	target_only	wasserstein	in_domain	NA	42	manual_20260506_043137	baseline_domain_knn_wasserstein_in_domain_target_only_split2_s42
baseline	target_only	wasserstein	in_domain	NA	512	manual_20260506_050214	baseline_domain_knn_wasserstein_in_domain_target_only_split2_s512
baseline	target_only	wasserstein	in_domain	NA	7	manual_20260506_033125	baseline_domain_knn_wasserstein_in_domain_target_only_split2_s7
baseline	target_only	wasserstein	in_domain	NA	999	manual_20260506_053222	baseline_domain_knn_wasserstein_in_domain_target_only_split2_s999
baseline	target_only	wasserstein	out_domain	NA	0	manual_20260506_002317	baseline_domain_knn_wasserstein_out_domain_target_only_split2_s0
baseline	target_only	wasserstein	out_domain	NA	1	manual_20260505_165536	baseline_domain_knn_wasserstein_out_domain_target_only_split2_s1
baseline	target_only	wasserstein	out_domain	NA	123	manual_20260505_182856	baseline_domain_knn_wasserstein_out_domain_target_only_split2_s123
baseline	target_only	wasserstein	out_domain	NA	13	manual_20260505_175847	baseline_domain_knn_wasserstein_out_domain_target_only_split2_s13
baseline	target_only	wasserstein	out_domain	NA	1337	manual_20260505_192912	baseline_domain_knn_wasserstein_out_domain_target_only_split2_s1337
baseline	target_only	wasserstein	out_domain	NA	2024	manual_20260505_195919	baseline_domain_knn_wasserstein_out_domain_target_only_split2_s2024
baseline	target_only	wasserstein	out_domain	NA	256	manual_20260505_185903	baseline_domain_knn_wasserstein_out_domain_target_only_split2_s256
baseline	target_only	wasserstein	out_domain	NA	3	manual_20260505_172842	baseline_domain_knn_wasserstein_out_domain_target_only_split2_s3
baseline	target_only	wasserstein	out_domain	NA	42	manual_20260505_182857	baseline_domain_knn_wasserstein_out_domain_target_only_split2_s42
baseline	target_only	wasserstein	out_domain	NA	512	manual_20260505_185903	baseline_domain_knn_wasserstein_out_domain_target_only_split2_s512
baseline	target_only	wasserstein	out_domain	NA	7	manual_20260506_004852	baseline_domain_knn_wasserstein_out_domain_target_only_split2_s7
baseline	target_only	wasserstein	out_domain	NA	999	manual_20260505_192912	baseline_domain_knn_wasserstein_out_domain_target_only_split2_s999
smote	mixed	dtw	in_domain	0.1	0	manual_20260505_095326	imbalv3_knn_dtw_in_domain_mixed_split2_subjectwise_ratio0.1_s0
smote	mixed	dtw	in_domain	0.1	1	manual_20260505_151143	imbalv3_knn_dtw_in_domain_mixed_split2_subjectwise_ratio0.1_s1
smote	mixed	dtw	in_domain	0.1	123	manual_20260505_112348	imbalv3_knn_dtw_in_domain_mixed_split2_subjectwise_ratio0.1_s123
smote	mixed	dtw	in_domain	0.1	13	manual_20260505_105340	imbalv3_knn_dtw_in_domain_mixed_split2_subjectwise_ratio0.1_s13
smote	mixed	dtw	in_domain	0.1	1337	manual_20260505_185834	imbalv3_knn_dtw_in_domain_mixed_split2_subjectwise_ratio0.1_s1337
smote	mixed	dtw	in_domain	0.1	2024	manual_20260505_201220	imbalv3_knn_dtw_in_domain_mixed_split2_subjectwise_ratio0.1_s2024
smote	mixed	dtw	in_domain	0.1	256	manual_20260505_115356	imbalv3_knn_dtw_in_domain_mixed_split2_subjectwise_ratio0.1_s256
smote	mixed	dtw	in_domain	0.1	3	manual_20260505_102334	imbalv3_knn_dtw_in_domain_mixed_split2_subjectwise_ratio0.1_s3
smote	mixed	dtw	in_domain	0.1	42	manual_20260505_105340	imbalv3_knn_dtw_in_domain_mixed_split2_subjectwise_ratio0.1_s42
smote	mixed	dtw	in_domain	0.1	512	manual_20260505_115357	imbalv3_knn_dtw_in_domain_mixed_split2_subjectwise_ratio0.1_s512
smote	mixed	dtw	in_domain	0.1	7	manual_20260505_102333	imbalv3_knn_dtw_in_domain_mixed_split2_subjectwise_ratio0.1_s7
smote	mixed	dtw	in_domain	0.1	999	manual_20260505_122403	imbalv3_knn_dtw_in_domain_mixed_split2_subjectwise_ratio0.1_s999
smote	mixed	dtw	in_domain	0.5	0	manual_20260505_095326	imbalv3_knn_dtw_in_domain_mixed_split2_subjectwise_ratio0.5_s0
smote	mixed	dtw	in_domain	0.5	1	manual_20260505_102333	imbalv3_knn_dtw_in_domain_mixed_split2_subjectwise_ratio0.5_s1
smote	mixed	dtw	in_domain	0.5	123	manual_20260505_112348	imbalv3_knn_dtw_in_domain_mixed_split2_subjectwise_ratio0.5_s123
smote	mixed	dtw	in_domain	0.5	13	manual_20260505_105340	imbalv3_knn_dtw_in_domain_mixed_split2_subjectwise_ratio0.5_s13
smote	mixed	dtw	in_domain	0.5	1337	manual_20260505_125410	imbalv3_knn_dtw_in_domain_mixed_split2_subjectwise_ratio0.5_s1337
smote	mixed	dtw	in_domain	0.5	2024	manual_20260505_132417	imbalv3_knn_dtw_in_domain_mixed_split2_subjectwise_ratio0.5_s2024
smote	mixed	dtw	in_domain	0.5	256	manual_20260505_115357	imbalv3_knn_dtw_in_domain_mixed_split2_subjectwise_ratio0.5_s256
smote	mixed	dtw	in_domain	0.5	3	manual_20260505_102333	imbalv3_knn_dtw_in_domain_mixed_split2_subjectwise_ratio0.5_s3
smote	mixed	dtw	in_domain	0.5	42	manual_20260506_011327	imbalv3_knn_dtw_in_domain_mixed_split2_subjectwise_ratio0.5_s42
smote	mixed	dtw	in_domain	0.5	512	manual_20260505_165805	imbalv3_knn_dtw_in_domain_mixed_split2_subjectwise_ratio0.5_s512
smote	mixed	dtw	in_domain	0.5	7	manual_20260505_155622	imbalv3_knn_dtw_in_domain_mixed_split2_subjectwise_ratio0.5_s7
smote	mixed	dtw	in_domain	0.5	999	manual_20260505_122403	imbalv3_knn_dtw_in_domain_mixed_split2_subjectwise_ratio0.5_s999
smote	mixed	dtw	out_domain	0.1	0	manual_20260504_232119	imbalv3_knn_dtw_out_domain_mixed_split2_subjectwise_ratio0.1_s0
smote	mixed	dtw	out_domain	0.1	1	manual_20260504_235125	imbalv3_knn_dtw_out_domain_mixed_split2_subjectwise_ratio0.1_s1
smote	mixed	dtw	out_domain	0.1	123	manual_20260505_012147	imbalv3_knn_dtw_out_domain_mixed_split2_subjectwise_ratio0.1_s123
smote	mixed	dtw	out_domain	0.1	13	manual_20260505_005139	imbalv3_knn_dtw_out_domain_mixed_split2_subjectwise_ratio0.1_s13
smote	mixed	dtw	out_domain	0.1	1337	manual_20260505_025209	imbalv3_knn_dtw_out_domain_mixed_split2_subjectwise_ratio0.1_s1337
smote	mixed	dtw	out_domain	0.1	2024	manual_20260505_091114	imbalv3_knn_dtw_out_domain_mixed_split2_subjectwise_ratio0.1_s2024
smote	mixed	dtw	out_domain	0.1	256	manual_20260505_012148	imbalv3_knn_dtw_out_domain_mixed_split2_subjectwise_ratio0.1_s256
smote	mixed	dtw	out_domain	0.1	3	manual_20260504_235126	imbalv3_knn_dtw_out_domain_mixed_split2_subjectwise_ratio0.1_s3
smote	mixed	dtw	out_domain	0.1	42	manual_20260505_005140	imbalv3_knn_dtw_out_domain_mixed_split2_subjectwise_ratio0.1_s42
smote	mixed	dtw	out_domain	0.1	512	manual_20260505_015154	imbalv3_knn_dtw_out_domain_mixed_split2_subjectwise_ratio0.1_s512
smote	mixed	dtw	out_domain	0.1	7	manual_20260505_002132	imbalv3_knn_dtw_out_domain_mixed_split2_subjectwise_ratio0.1_s7
smote	mixed	dtw	out_domain	0.1	999	manual_20260505_022202	imbalv3_knn_dtw_out_domain_mixed_split2_subjectwise_ratio0.1_s999
smote	mixed	dtw	out_domain	0.5	0	manual_20260505_124408	imbalv3_knn_dtw_out_domain_mixed_split2_subjectwise_ratio0.5_s0
smote	mixed	dtw	out_domain	0.5	1	manual_20260504_235125	imbalv3_knn_dtw_out_domain_mixed_split2_subjectwise_ratio0.5_s1
smote	mixed	dtw	out_domain	0.5	123	manual_20260505_012147	imbalv3_knn_dtw_out_domain_mixed_split2_subjectwise_ratio0.5_s123
smote	mixed	dtw	out_domain	0.5	13	manual_20260505_005139	imbalv3_knn_dtw_out_domain_mixed_split2_subjectwise_ratio0.5_s13
smote	mixed	dtw	out_domain	0.5	1337	manual_20260505_025210	imbalv3_knn_dtw_out_domain_mixed_split2_subjectwise_ratio0.5_s1337
smote	mixed	dtw	out_domain	0.5	2024	manual_20260505_032216	imbalv3_knn_dtw_out_domain_mixed_split2_subjectwise_ratio0.5_s2024
smote	mixed	dtw	out_domain	0.5	256	manual_20260505_071943	imbalv3_knn_dtw_out_domain_mixed_split2_subjectwise_ratio0.5_s256
smote	mixed	dtw	out_domain	0.5	3	manual_20260504_235126	imbalv3_knn_dtw_out_domain_mixed_split2_subjectwise_ratio0.5_s3
smote	mixed	dtw	out_domain	0.5	42	manual_20260505_153347	imbalv3_knn_dtw_out_domain_mixed_split2_subjectwise_ratio0.5_s42
smote	mixed	dtw	out_domain	0.5	512	manual_20260505_164432	imbalv3_knn_dtw_out_domain_mixed_split2_subjectwise_ratio0.5_s512
smote	mixed	dtw	out_domain	0.5	7	manual_20260505_002132	imbalv3_knn_dtw_out_domain_mixed_split2_subjectwise_ratio0.5_s7
smote	mixed	dtw	out_domain	0.5	999	manual_20260505_082803	imbalv3_knn_dtw_out_domain_mixed_split2_subjectwise_ratio0.5_s999
smote	mixed	mmd	in_domain	0.1	0	manual_20260504_131932	imbalv3_knn_mmd_in_domain_mixed_split2_subjectwise_ratio0.1_s0
smote	mixed	mmd	in_domain	0.1	1	manual_20260505_063402	imbalv3_knn_mmd_in_domain_mixed_split2_subjectwise_ratio0.1_s1
smote	mixed	mmd	in_domain	0.1	123	manual_20260504_144947	imbalv3_knn_mmd_in_domain_mixed_split2_subjectwise_ratio0.1_s123
smote	mixed	mmd	in_domain	0.1	13	manual_20260504_141941	imbalv3_knn_mmd_in_domain_mixed_split2_subjectwise_ratio0.1_s13
smote	mixed	mmd	in_domain	0.1	1337	manual_20260504_235857	imbalv3_knn_mmd_in_domain_mixed_split2_subjectwise_ratio0.1_s1337
smote	mixed	mmd	in_domain	0.1	2024	manual_20260504_165012	imbalv3_knn_mmd_in_domain_mixed_split2_subjectwise_ratio0.1_s2024
smote	mixed	mmd	in_domain	0.1	256	manual_20260504_151953	imbalv3_knn_mmd_in_domain_mixed_split2_subjectwise_ratio0.1_s256
smote	mixed	mmd	in_domain	0.1	3	manual_20260504_134936	imbalv3_knn_mmd_in_domain_mixed_split2_subjectwise_ratio0.1_s3
smote	mixed	mmd	in_domain	0.1	42	manual_20260504_144947	imbalv3_knn_mmd_in_domain_mixed_split2_subjectwise_ratio0.1_s42
smote	mixed	mmd	in_domain	0.1	512	manual_20260504_232450	imbalv3_knn_mmd_in_domain_mixed_split2_subjectwise_ratio0.1_s512
smote	mixed	mmd	in_domain	0.1	7	manual_20260505_080528	imbalv3_knn_mmd_in_domain_mixed_split2_subjectwise_ratio0.1_s7
smote	mixed	mmd	in_domain	0.1	999	manual_20260504_154959	imbalv3_knn_mmd_in_domain_mixed_split2_subjectwise_ratio0.1_s999
smote	mixed	mmd	in_domain	0.5	0	manual_20260504_131932	imbalv3_knn_mmd_in_domain_mixed_split2_subjectwise_ratio0.5_s0
smote	mixed	mmd	in_domain	0.5	1	manual_20260504_134936	imbalv3_knn_mmd_in_domain_mixed_split2_subjectwise_ratio0.5_s1
smote	mixed	mmd	in_domain	0.5	123	manual_20260505_235711	imbalv3_knn_mmd_in_domain_mixed_split2_subjectwise_ratio0.5_s123
smote	mixed	mmd	in_domain	0.5	13	manual_20260504_231216	imbalv3_knn_mmd_in_domain_mixed_split2_subjectwise_ratio0.5_s13
smote	mixed	mmd	in_domain	0.5	1337	manual_20260504_165011	imbalv3_knn_mmd_in_domain_mixed_split2_subjectwise_ratio0.5_s1337
smote	mixed	mmd	in_domain	0.5	2024	manual_20260504_172018	imbalv3_knn_mmd_in_domain_mixed_split2_subjectwise_ratio0.5_s2024
smote	mixed	mmd	in_domain	0.5	256	manual_20260504_151951	imbalv3_knn_mmd_in_domain_mixed_split2_subjectwise_ratio0.5_s256
smote	mixed	mmd	in_domain	0.5	3	manual_20260504_134936	imbalv3_knn_mmd_in_domain_mixed_split2_subjectwise_ratio0.5_s3
smote	mixed	mmd	in_domain	0.5	42	manual_20260504_144947	imbalv3_knn_mmd_in_domain_mixed_split2_subjectwise_ratio0.5_s42
smote	mixed	mmd	in_domain	0.5	512	manual_20260504_154959	imbalv3_knn_mmd_in_domain_mixed_split2_subjectwise_ratio0.5_s512
smote	mixed	mmd	in_domain	0.5	7	manual_20260504_141941	imbalv3_knn_mmd_in_domain_mixed_split2_subjectwise_ratio0.5_s7
smote	mixed	mmd	in_domain	0.5	999	manual_20260504_154958	imbalv3_knn_mmd_in_domain_mixed_split2_subjectwise_ratio0.5_s999
smote	mixed	mmd	out_domain	0.1	0	manual_20260504_043321	imbalv3_knn_mmd_out_domain_mixed_split2_subjectwise_ratio0.1_s0
smote	mixed	mmd	out_domain	0.1	1	manual_20260504_053235	imbalv3_knn_mmd_out_domain_mixed_split2_subjectwise_ratio0.1_s1
smote	mixed	mmd	out_domain	0.1	123	manual_20260504_114945	imbalv3_knn_mmd_out_domain_mixed_split2_subjectwise_ratio0.1_s123
smote	mixed	mmd	out_domain	0.1	13	manual_20260504_171015	imbalv3_knn_mmd_out_domain_mixed_split2_subjectwise_ratio0.1_s13
smote	mixed	mmd	out_domain	0.1	1337	manual_20260505_012949	imbalv3_knn_mmd_out_domain_mixed_split2_subjectwise_ratio0.1_s1337
smote	mixed	mmd	out_domain	0.1	2024	manual_20260505_015425	imbalv3_knn_mmd_out_domain_mixed_split2_subjectwise_ratio0.1_s2024
smote	mixed	mmd	out_domain	0.1	256	manual_20260504_142511	imbalv3_knn_mmd_out_domain_mixed_split2_subjectwise_ratio0.1_s256
smote	mixed	mmd	out_domain	0.1	3	manual_20260504_070659	imbalv3_knn_mmd_out_domain_mixed_split2_subjectwise_ratio0.1_s3
smote	mixed	mmd	out_domain	0.1	42	manual_20260504_094442	imbalv3_knn_mmd_out_domain_mixed_split2_subjectwise_ratio0.1_s42
smote	mixed	mmd	out_domain	0.1	512	manual_20260505_094021	imbalv3_knn_mmd_out_domain_mixed_split2_subjectwise_ratio0.1_s512
smote	mixed	mmd	out_domain	0.1	7	manual_20260504_151121	imbalv3_knn_mmd_out_domain_mixed_split2_subjectwise_ratio0.1_s7
smote	mixed	mmd	out_domain	0.1	999	manual_20260504_162305	imbalv3_knn_mmd_out_domain_mixed_split2_subjectwise_ratio0.1_s999
smote	mixed	mmd	out_domain	0.5	0	manual_20260504_051631	imbalv3_knn_mmd_out_domain_mixed_split2_subjectwise_ratio0.5_s0
smote	mixed	mmd	out_domain	0.5	1	manual_20260504_134234	imbalv3_knn_mmd_out_domain_mixed_split2_subjectwise_ratio0.5_s1
smote	mixed	mmd	out_domain	0.5	123	manual_20260504_130026	imbalv3_knn_mmd_out_domain_mixed_split2_subjectwise_ratio0.5_s123
smote	mixed	mmd	out_domain	0.5	13	manual_20260504_100851	imbalv3_knn_mmd_out_domain_mixed_split2_subjectwise_ratio0.5_s13
smote	mixed	mmd	out_domain	0.5	1337	manual_20260504_180156	imbalv3_knn_mmd_out_domain_mixed_split2_subjectwise_ratio0.5_s1337
smote	mixed	mmd	out_domain	0.5	2024	manual_20260504_190312	imbalv3_knn_mmd_out_domain_mixed_split2_subjectwise_ratio0.5_s2024
smote	mixed	mmd	out_domain	0.5	256	manual_20260504_145047	imbalv3_knn_mmd_out_domain_mixed_split2_subjectwise_ratio0.5_s256
smote	mixed	mmd	out_domain	0.5	3	manual_20260504_073406	imbalv3_knn_mmd_out_domain_mixed_split2_subjectwise_ratio0.5_s3
smote	mixed	mmd	out_domain	0.5	42	manual_20260504_195024	imbalv3_knn_mmd_out_domain_mixed_split2_subjectwise_ratio0.5_s42
smote	mixed	mmd	out_domain	0.5	512	manual_20260504_162135	imbalv3_knn_mmd_out_domain_mixed_split2_subjectwise_ratio0.5_s512
smote	mixed	mmd	out_domain	0.5	7	manual_20260504_161403	imbalv3_knn_mmd_out_domain_mixed_split2_subjectwise_ratio0.5_s7
smote	mixed	mmd	out_domain	0.5	999	manual_20260504_215456	imbalv3_knn_mmd_out_domain_mixed_split2_subjectwise_ratio0.5_s999
smote	mixed	wasserstein	in_domain	0.1	0	manual_20260506_060225	imbalv3_knn_wasserstein_in_domain_mixed_split2_subjectwise_ratio0.1_s0
smote	mixed	wasserstein	in_domain	0.1	1	manual_20260506_124714	imbalv3_knn_wasserstein_in_domain_mixed_split2_subjectwise_ratio0.1_s1
smote	mixed	wasserstein	in_domain	0.1	123	manual_20260506_131618	imbalv3_knn_wasserstein_in_domain_mixed_split2_subjectwise_ratio0.1_s123
smote	mixed	wasserstein	in_domain	0.1	1337	manual_20260506_083251	imbalv3_knn_wasserstein_in_domain_mixed_split2_subjectwise_ratio0.1_s1337
smote	mixed	wasserstein	in_domain	0.1	2024	manual_20260506_093302	imbalv3_knn_wasserstein_in_domain_mixed_split2_subjectwise_ratio0.1_s2024
smote	mixed	wasserstein	in_domain	0.1	256	manual_20260506_080245	imbalv3_knn_wasserstein_in_domain_mixed_split2_subjectwise_ratio0.1_s256
smote	mixed	wasserstein	in_domain	0.1	3	manual_20260506_063231	imbalv3_knn_wasserstein_in_domain_mixed_split2_subjectwise_ratio0.1_s3
smote	mixed	wasserstein	in_domain	0.1	42	manual_20260506_073242	imbalv3_knn_wasserstein_in_domain_mixed_split2_subjectwise_ratio0.1_s42
smote	mixed	wasserstein	in_domain	0.5	0	manual_20260506_060225	imbalv3_knn_wasserstein_in_domain_mixed_split2_subjectwise_ratio0.5_s0
smote	mixed	wasserstein	in_domain	0.5	1	manual_20260506_063231	imbalv3_knn_wasserstein_in_domain_mixed_split2_subjectwise_ratio0.5_s1
smote	mixed	wasserstein	in_domain	0.5	123	manual_20260506_080246	imbalv3_knn_wasserstein_in_domain_mixed_split2_subjectwise_ratio0.5_s123
smote	mixed	wasserstein	in_domain	0.5	1337	manual_20260506_090257	imbalv3_knn_wasserstein_in_domain_mixed_split2_subjectwise_ratio0.5_s1337
smote	mixed	wasserstein	in_domain	0.5	2024	manual_20260506_093302	imbalv3_knn_wasserstein_in_domain_mixed_split2_subjectwise_ratio0.5_s2024
smote	mixed	wasserstein	in_domain	0.5	256	manual_20260506_080247	imbalv3_knn_wasserstein_in_domain_mixed_split2_subjectwise_ratio0.5_s256
smote	mixed	wasserstein	in_domain	0.5	3	manual_20260506_063232	imbalv3_knn_wasserstein_in_domain_mixed_split2_subjectwise_ratio0.5_s3
smote	mixed	wasserstein	in_domain	0.5	42	manual_20260506_073241	imbalv3_knn_wasserstein_in_domain_mixed_split2_subjectwise_ratio0.5_s42
smote	mixed	wasserstein	in_domain	0.5	512	manual_20260506_141854	imbalv3_knn_wasserstein_in_domain_mixed_split2_subjectwise_ratio0.5_s512
smote	mixed	wasserstein	in_domain	0.5	7	manual_20260506_070237	imbalv3_knn_wasserstein_in_domain_mixed_split2_subjectwise_ratio0.5_s7
smote	mixed	wasserstein	in_domain	0.5	999	manual_20260506_083252	imbalv3_knn_wasserstein_in_domain_mixed_split2_subjectwise_ratio0.5_s999
smote	mixed	wasserstein	out_domain	0.1	0	manual_20260506_013432	imbalv3_knn_wasserstein_out_domain_mixed_split2_subjectwise_ratio0.1_s0
smote	mixed	wasserstein	out_domain	0.1	1	manual_20260505_202925	imbalv3_knn_wasserstein_out_domain_mixed_split2_subjectwise_ratio0.1_s1
smote	mixed	wasserstein	out_domain	0.1	123	manual_20260505_213009	imbalv3_knn_wasserstein_out_domain_mixed_split2_subjectwise_ratio0.1_s123
smote	mixed	wasserstein	out_domain	0.1	13	manual_20260505_210002	imbalv3_knn_wasserstein_out_domain_mixed_split2_subjectwise_ratio0.1_s13
smote	mixed	wasserstein	out_domain	0.1	1337	manual_20260505_230030	imbalv3_knn_wasserstein_out_domain_mixed_split2_subjectwise_ratio0.1_s1337
smote	mixed	wasserstein	out_domain	0.1	2024	manual_20260505_233035	imbalv3_knn_wasserstein_out_domain_mixed_split2_subjectwise_ratio0.1_s2024
smote	mixed	wasserstein	out_domain	0.1	256	manual_20260506_122210	imbalv3_knn_wasserstein_out_domain_mixed_split2_subjectwise_ratio0.1_s256
smote	mixed	wasserstein	out_domain	0.1	3	manual_20260505_202956	imbalv3_knn_wasserstein_out_domain_mixed_split2_subjectwise_ratio0.1_s3
smote	mixed	wasserstein	out_domain	0.1	42	manual_20260505_210002	imbalv3_knn_wasserstein_out_domain_mixed_split2_subjectwise_ratio0.1_s42
smote	mixed	wasserstein	out_domain	0.1	512	manual_20260505_220015	imbalv3_knn_wasserstein_out_domain_mixed_split2_subjectwise_ratio0.1_s512
smote	mixed	wasserstein	out_domain	0.1	999	manual_20260506_080517	imbalv3_knn_wasserstein_out_domain_mixed_split2_subjectwise_ratio0.1_s999
smote	mixed	wasserstein	out_domain	0.5	0	manual_20260506_020839	imbalv3_knn_wasserstein_out_domain_mixed_split2_subjectwise_ratio0.5_s0
smote	mixed	wasserstein	out_domain	0.5	1	manual_20260505_202955	imbalv3_knn_wasserstein_out_domain_mixed_split2_subjectwise_ratio0.5_s1
smote	mixed	wasserstein	out_domain	0.5	123	manual_20260505_213009	imbalv3_knn_wasserstein_out_domain_mixed_split2_subjectwise_ratio0.5_s123
smote	mixed	wasserstein	out_domain	0.5	13	manual_20260505_210002	imbalv3_knn_wasserstein_out_domain_mixed_split2_subjectwise_ratio0.5_s13
smote	mixed	wasserstein	out_domain	0.5	2024	manual_20260506_061630	imbalv3_knn_wasserstein_out_domain_mixed_split2_subjectwise_ratio0.5_s2024
smote	mixed	wasserstein	out_domain	0.5	256	manual_20260505_220017	imbalv3_knn_wasserstein_out_domain_mixed_split2_subjectwise_ratio0.5_s256
smote	mixed	wasserstein	out_domain	0.5	3	manual_20260505_202955	imbalv3_knn_wasserstein_out_domain_mixed_split2_subjectwise_ratio0.5_s3
smote	mixed	wasserstein	out_domain	0.5	42	manual_20260505_213008	imbalv3_knn_wasserstein_out_domain_mixed_split2_subjectwise_ratio0.5_s42
smote	mixed	wasserstein	out_domain	0.5	512	manual_20260506_045542	imbalv3_knn_wasserstein_out_domain_mixed_split2_subjectwise_ratio0.5_s512
smote	mixed	wasserstein	out_domain	0.5	7	manual_20260505_210001	imbalv3_knn_wasserstein_out_domain_mixed_split2_subjectwise_ratio0.5_s7
smote	mixed	wasserstein	out_domain	0.5	999	manual_20260505_230030	imbalv3_knn_wasserstein_out_domain_mixed_split2_subjectwise_ratio0.5_s999
smote	source_only	dtw	in_domain	0.1	0	manual_20260505_100628	imbalv3_knn_dtw_in_domain_source_only_split2_subjectwise_ratio0.1_s0
smote	source_only	dtw	in_domain	0.1	1	manual_20260505_182624	imbalv3_knn_dtw_in_domain_source_only_split2_subjectwise_ratio0.1_s1
smote	source_only	dtw	in_domain	0.1	123	manual_20260505_052217	imbalv3_knn_dtw_in_domain_source_only_split2_subjectwise_ratio0.1_s123
smote	source_only	dtw	in_domain	0.1	13	manual_20260505_045209	imbalv3_knn_dtw_in_domain_source_only_split2_subjectwise_ratio0.1_s13
smote	source_only	dtw	in_domain	0.1	1337	manual_20260505_062230	imbalv3_knn_dtw_in_domain_source_only_split2_subjectwise_ratio0.1_s1337
smote	source_only	dtw	in_domain	0.1	2024	manual_20260505_065236	imbalv3_knn_dtw_in_domain_source_only_split2_subjectwise_ratio0.1_s2024
smote	source_only	dtw	in_domain	0.1	256	manual_20260505_124338	imbalv3_knn_dtw_in_domain_source_only_split2_subjectwise_ratio0.1_s256
smote	source_only	dtw	in_domain	0.1	3	manual_20260505_201020	imbalv3_knn_dtw_in_domain_source_only_split2_subjectwise_ratio0.1_s3
smote	source_only	dtw	in_domain	0.1	42	manual_20260505_052216	imbalv3_knn_dtw_in_domain_source_only_split2_subjectwise_ratio0.1_s42
smote	source_only	dtw	in_domain	0.1	512	manual_20260505_055224	imbalv3_knn_dtw_in_domain_source_only_split2_subjectwise_ratio0.1_s512
smote	source_only	dtw	in_domain	0.1	7	manual_20260505_111947	imbalv3_knn_dtw_in_domain_source_only_split2_subjectwise_ratio0.1_s7
smote	source_only	dtw	in_domain	0.1	999	manual_20260505_062230	imbalv3_knn_dtw_in_domain_source_only_split2_subjectwise_ratio0.1_s999
smote	source_only	dtw	in_domain	0.5	0	manual_20260505_035153	imbalv3_knn_dtw_in_domain_source_only_split2_subjectwise_ratio0.5_s0
smote	source_only	dtw	in_domain	0.5	1	manual_20260505_103706	imbalv3_knn_dtw_in_domain_source_only_split2_subjectwise_ratio0.5_s1
smote	source_only	dtw	in_domain	0.5	123	manual_20260505_112849	imbalv3_knn_dtw_in_domain_source_only_split2_subjectwise_ratio0.5_s123
smote	source_only	dtw	in_domain	0.5	13	manual_20260505_045208	imbalv3_knn_dtw_in_domain_source_only_split2_subjectwise_ratio0.5_s13
smote	source_only	dtw	in_domain	0.5	1337	manual_20260505_213840	imbalv3_knn_dtw_in_domain_source_only_split2_subjectwise_ratio0.5_s1337
smote	source_only	dtw	in_domain	0.5	2024	manual_20260505_065237	imbalv3_knn_dtw_in_domain_source_only_split2_subjectwise_ratio0.5_s2024
smote	source_only	dtw	in_domain	0.5	256	manual_20260505_055224	imbalv3_knn_dtw_in_domain_source_only_split2_subjectwise_ratio0.5_s256
smote	source_only	dtw	in_domain	0.5	3	manual_20260505_042201	imbalv3_knn_dtw_in_domain_source_only_split2_subjectwise_ratio0.5_s3
smote	source_only	dtw	in_domain	0.5	42	manual_20260505_052216	imbalv3_knn_dtw_in_domain_source_only_split2_subjectwise_ratio0.5_s42
smote	source_only	dtw	in_domain	0.5	512	manual_20260505_124608	imbalv3_knn_dtw_in_domain_source_only_split2_subjectwise_ratio0.5_s512
smote	source_only	dtw	in_domain	0.5	7	manual_20260505_045209	imbalv3_knn_dtw_in_domain_source_only_split2_subjectwise_ratio0.5_s7
smote	source_only	dtw	in_domain	0.5	999	manual_20260505_062230	imbalv3_knn_dtw_in_domain_source_only_split2_subjectwise_ratio0.5_s999
smote	source_only	dtw	out_domain	0.1	0	manual_20260506_054652	imbalv3_knn_dtw_out_domain_source_only_split2_subjectwise_ratio0.1_s0
smote	source_only	dtw	out_domain	0.1	1	manual_20260506_154802	imbalv3_knn_dtw_out_domain_source_only_split2_subjectwise_ratio0.1_s1
smote	source_only	dtw	out_domain	0.1	123	manual_20260503_205802	imbalv3_knn_dtw_out_domain_source_only_split2_subjectwise_ratio0.1_s123
smote	source_only	dtw	out_domain	0.1	13	manual_20260504_185039	imbalv3_knn_dtw_out_domain_source_only_split2_subjectwise_ratio0.1_s13
smote	source_only	dtw	out_domain	0.1	1337	manual_20260505_100257	imbalv3_knn_dtw_out_domain_source_only_split2_subjectwise_ratio0.1_s1337
smote	source_only	dtw	out_domain	0.1	2024	manual_20260504_202032	imbalv3_knn_dtw_out_domain_source_only_split2_subjectwise_ratio0.1_s2024
smote	source_only	dtw	out_domain	0.1	256	manual_20260504_192017	imbalv3_knn_dtw_out_domain_source_only_split2_subjectwise_ratio0.1_s256
smote	source_only	dtw	out_domain	0.1	3	manual_20260505_014422	imbalv3_knn_dtw_out_domain_source_only_split2_subjectwise_ratio0.1_s3
smote	source_only	dtw	out_domain	0.1	42	manual_20260503_190518	imbalv3_knn_dtw_out_domain_source_only_split2_subjectwise_ratio0.1_s42
smote	source_only	dtw	out_domain	0.1	512	manual_20260504_192047	imbalv3_knn_dtw_out_domain_source_only_split2_subjectwise_ratio0.1_s512
smote	source_only	dtw	out_domain	0.1	7	manual_20260504_182031	imbalv3_knn_dtw_out_domain_source_only_split2_subjectwise_ratio0.1_s7
smote	source_only	dtw	out_domain	0.1	999	manual_20260504_195025	imbalv3_knn_dtw_out_domain_source_only_split2_subjectwise_ratio0.1_s999
smote	source_only	dtw	out_domain	0.5	0	manual_20260504_175024	imbalv3_knn_dtw_out_domain_source_only_split2_subjectwise_ratio0.5_s0
smote	source_only	dtw	out_domain	0.5	1	manual_20260506_154808	imbalv3_knn_dtw_out_domain_source_only_split2_subjectwise_ratio0.5_s1
smote	source_only	dtw	out_domain	0.5	123	manual_20260503_225123	imbalv3_knn_dtw_out_domain_source_only_split2_subjectwise_ratio0.5_s123
smote	source_only	dtw	out_domain	0.5	13	manual_20260505_024206	imbalv3_knn_dtw_out_domain_source_only_split2_subjectwise_ratio0.5_s13
smote	source_only	dtw	out_domain	0.5	1337	manual_20260504_202032	imbalv3_knn_dtw_out_domain_source_only_split2_subjectwise_ratio0.5_s1337
smote	source_only	dtw	out_domain	0.5	2024	manual_20260505_101831	imbalv3_knn_dtw_out_domain_source_only_split2_subjectwise_ratio0.5_s2024
smote	source_only	dtw	out_domain	0.5	256	manual_20260504_192048	imbalv3_knn_dtw_out_domain_source_only_split2_subjectwise_ratio0.5_s256
smote	source_only	dtw	out_domain	0.5	3	manual_20260504_182034	imbalv3_knn_dtw_out_domain_source_only_split2_subjectwise_ratio0.5_s3
smote	source_only	dtw	out_domain	0.5	42	manual_20260503_203328	imbalv3_knn_dtw_out_domain_source_only_split2_subjectwise_ratio0.5_s42
smote	source_only	dtw	out_domain	0.5	512	manual_20260506_064533	imbalv3_knn_dtw_out_domain_source_only_split2_subjectwise_ratio0.5_s512
smote	source_only	dtw	out_domain	0.5	7	manual_20260504_185039	imbalv3_knn_dtw_out_domain_source_only_split2_subjectwise_ratio0.5_s7
smote	source_only	dtw	out_domain	0.5	999	manual_20260504_195025	imbalv3_knn_dtw_out_domain_source_only_split2_subjectwise_ratio0.5_s999
smote	source_only	mmd	in_domain	0.1	0	manual_20260505_021831	imbalv3_knn_mmd_in_domain_source_only_split2_subjectwise_ratio0.1_s0
smote	source_only	mmd	in_domain	0.1	123	manual_20260503_182443	imbalv3_knn_mmd_in_domain_source_only_split2_subjectwise_ratio0.1_s123
smote	source_only	mmd	in_domain	0.1	13	manual_20260504_100259	imbalv3_knn_mmd_in_domain_source_only_split2_subjectwise_ratio0.1_s13
smote	source_only	mmd	in_domain	0.1	1337	manual_20260505_143034	imbalv3_knn_mmd_in_domain_source_only_split2_subjectwise_ratio0.1_s1337
smote	source_only	mmd	in_domain	0.1	2024	manual_20260505_040527	imbalv3_knn_mmd_in_domain_source_only_split2_subjectwise_ratio0.1_s2024
smote	source_only	mmd	in_domain	0.1	256	manual_20260504_100217	imbalv3_knn_mmd_in_domain_source_only_split2_subjectwise_ratio0.1_s256
smote	source_only	mmd	in_domain	0.1	3	manual_20260505_072614	imbalv3_knn_mmd_in_domain_source_only_split2_subjectwise_ratio0.1_s3
smote	source_only	mmd	in_domain	0.1	42	manual_20260503_173838	imbalv3_knn_mmd_in_domain_source_only_split2_subjectwise_ratio0.1_s42
smote	source_only	mmd	in_domain	0.1	512	manual_20260504_100304	imbalv3_knn_mmd_in_domain_source_only_split2_subjectwise_ratio0.1_s512
smote	source_only	mmd	in_domain	0.1	7	manual_20260504_100219	imbalv3_knn_mmd_in_domain_source_only_split2_subjectwise_ratio0.1_s7
smote	source_only	mmd	in_domain	0.1	999	manual_20260504_100304	imbalv3_knn_mmd_in_domain_source_only_split2_subjectwise_ratio0.1_s999
smote	source_only	mmd	in_domain	0.5	0	manual_20260505_043434	imbalv3_knn_mmd_in_domain_source_only_split2_subjectwise_ratio0.5_s0
smote	source_only	mmd	in_domain	0.5	123	manual_20260503_140916	imbalv3_knn_mmd_in_domain_source_only_split2_subjectwise_ratio0.5_s123
smote	source_only	mmd	in_domain	0.5	13	manual_20260504_100301	imbalv3_knn_mmd_in_domain_source_only_split2_subjectwise_ratio0.5_s13
smote	source_only	mmd	in_domain	0.5	1337	manual_20260504_101853	imbalv3_knn_mmd_in_domain_source_only_split2_subjectwise_ratio0.5_s1337
smote	source_only	mmd	in_domain	0.5	2024	manual_20260504_104900	imbalv3_knn_mmd_in_domain_source_only_split2_subjectwise_ratio0.5_s2024
smote	source_only	mmd	in_domain	0.5	256	manual_20260504_100221	imbalv3_knn_mmd_in_domain_source_only_split2_subjectwise_ratio0.5_s256
smote	source_only	mmd	in_domain	0.5	3	manual_20260504_100219	imbalv3_knn_mmd_in_domain_source_only_split2_subjectwise_ratio0.5_s3
smote	source_only	mmd	in_domain	0.5	42	manual_20260503_180741	imbalv3_knn_mmd_in_domain_source_only_split2_subjectwise_ratio0.5_s42
smote	source_only	mmd	in_domain	0.5	512	manual_20260504_100304	imbalv3_knn_mmd_in_domain_source_only_split2_subjectwise_ratio0.5_s512
smote	source_only	mmd	in_domain	0.5	7	manual_20260504_100219	imbalv3_knn_mmd_in_domain_source_only_split2_subjectwise_ratio0.5_s7
smote	source_only	mmd	in_domain	0.5	999	manual_20260504_100249	imbalv3_knn_mmd_in_domain_source_only_split2_subjectwise_ratio0.5_s999
smote	source_only	mmd	out_domain	0.1	0	manual_20260503_191220	imbalv3_knn_mmd_out_domain_source_only_split2_subjectwise_ratio0.1_s0
smote	source_only	mmd	out_domain	0.1	123	manual_20260503_135345	imbalv3_knn_mmd_out_domain_source_only_split2_subjectwise_ratio0.1_s123
smote	source_only	mmd	out_domain	0.1	13	manual_20260503_211233	imbalv3_knn_mmd_out_domain_source_only_split2_subjectwise_ratio0.1_s13
smote	source_only	mmd	out_domain	0.1	1337	manual_20260503_205431	imbalv3_knn_mmd_out_domain_source_only_split2_subjectwise_ratio0.1_s1337
smote	source_only	mmd	out_domain	0.1	2024	manual_20260503_222847	imbalv3_knn_mmd_out_domain_source_only_split2_subjectwise_ratio0.1_s2024
smote	source_only	mmd	out_domain	0.1	256	manual_20260503_201157	imbalv3_knn_mmd_out_domain_source_only_split2_subjectwise_ratio0.1_s256
smote	source_only	mmd	out_domain	0.1	3	manual_20260503_201426	imbalv3_knn_mmd_out_domain_source_only_split2_subjectwise_ratio0.1_s3
smote	source_only	mmd	out_domain	0.1	42	manual_20260503_135345	imbalv3_knn_mmd_out_domain_source_only_split2_subjectwise_ratio0.1_s42
smote	source_only	mmd	out_domain	0.1	512	manual_20260504_073806	imbalv3_knn_mmd_out_domain_source_only_split2_subjectwise_ratio0.1_s512
smote	source_only	mmd	out_domain	0.1	7	manual_20260504_020539	imbalv3_knn_mmd_out_domain_source_only_split2_subjectwise_ratio0.1_s7
smote	source_only	mmd	out_domain	0.1	999	manual_20260503_173137	imbalv3_knn_mmd_out_domain_source_only_split2_subjectwise_ratio0.1_s999
smote	source_only	mmd	out_domain	0.5	0	manual_20260503_194953	imbalv3_knn_mmd_out_domain_source_only_split2_subjectwise_ratio0.5_s0
smote	source_only	mmd	out_domain	0.5	123	manual_20260503_151553	imbalv3_knn_mmd_out_domain_source_only_split2_subjectwise_ratio0.5_s123
smote	source_only	mmd	out_domain	0.5	13	manual_20260503_220809	imbalv3_knn_mmd_out_domain_source_only_split2_subjectwise_ratio0.5_s13
smote	source_only	mmd	out_domain	0.5	1337	manual_20260503_233228	imbalv3_knn_mmd_out_domain_source_only_split2_subjectwise_ratio0.5_s1337
smote	source_only	mmd	out_domain	0.5	2024	manual_20260504_130257	imbalv3_knn_mmd_out_domain_source_only_split2_subjectwise_ratio0.5_s2024
smote	source_only	mmd	out_domain	0.5	256	manual_20260504_025625	imbalv3_knn_mmd_out_domain_source_only_split2_subjectwise_ratio0.5_s256
smote	source_only	mmd	out_domain	0.5	3	manual_20260503_203529	imbalv3_knn_mmd_out_domain_source_only_split2_subjectwise_ratio0.5_s3
smote	source_only	mmd	out_domain	0.5	42	manual_20260503_135345	imbalv3_knn_mmd_out_domain_source_only_split2_subjectwise_ratio0.5_s42
smote	source_only	mmd	out_domain	0.5	512	manual_20260504_114213	imbalv3_knn_mmd_out_domain_source_only_split2_subjectwise_ratio0.5_s512
smote	source_only	mmd	out_domain	0.5	7	manual_20260504_032131	imbalv3_knn_mmd_out_domain_source_only_split2_subjectwise_ratio0.5_s7
smote	source_only	mmd	out_domain	0.5	999	manual_20260503_193251	imbalv3_knn_mmd_out_domain_source_only_split2_subjectwise_ratio0.5_s999
smote	source_only	wasserstein	in_domain	0.1	0	manual_20260506_064633	imbalv3_knn_wasserstein_in_domain_source_only_split2_subjectwise_ratio0.1_s0
smote	source_only	wasserstein	in_domain	0.1	1	manual_20260506_000042	imbalv3_knn_wasserstein_in_domain_source_only_split2_subjectwise_ratio0.1_s1
smote	source_only	wasserstein	in_domain	0.1	123	manual_20260506_013100	imbalv3_knn_wasserstein_in_domain_source_only_split2_subjectwise_ratio0.1_s123
smote	source_only	wasserstein	in_domain	0.1	13	manual_20260506_131318	imbalv3_knn_wasserstein_in_domain_source_only_split2_subjectwise_ratio0.1_s13
smote	source_only	wasserstein	in_domain	0.1	1337	manual_20260506_023115	imbalv3_knn_wasserstein_in_domain_source_only_split2_subjectwise_ratio0.1_s1337
smote	source_only	wasserstein	in_domain	0.1	2024	manual_20260506_104751	imbalv3_knn_wasserstein_in_domain_source_only_split2_subjectwise_ratio0.1_s2024
smote	source_only	wasserstein	in_domain	0.1	256	manual_20260506_093532	imbalv3_knn_wasserstein_in_domain_source_only_split2_subjectwise_ratio0.1_s256
smote	source_only	wasserstein	in_domain	0.1	3	manual_20260506_000044	imbalv3_knn_wasserstein_in_domain_source_only_split2_subjectwise_ratio0.1_s3
smote	source_only	wasserstein	in_domain	0.1	42	manual_20260506_010054	imbalv3_knn_wasserstein_in_domain_source_only_split2_subjectwise_ratio0.1_s42
smote	source_only	wasserstein	in_domain	0.1	512	manual_20260506_020110	imbalv3_knn_wasserstein_in_domain_source_only_split2_subjectwise_ratio0.1_s512
smote	source_only	wasserstein	in_domain	0.1	7	manual_20260506_003049	imbalv3_knn_wasserstein_in_domain_source_only_split2_subjectwise_ratio0.1_s7
smote	source_only	wasserstein	in_domain	0.1	999	manual_20260506_102916	imbalv3_knn_wasserstein_in_domain_source_only_split2_subjectwise_ratio0.1_s999
smote	source_only	wasserstein	in_domain	0.5	1	manual_20260506_000044	imbalv3_knn_wasserstein_in_domain_source_only_split2_subjectwise_ratio0.5_s1
smote	source_only	wasserstein	in_domain	0.5	123	manual_20260506_013103	imbalv3_knn_wasserstein_in_domain_source_only_split2_subjectwise_ratio0.5_s123
smote	source_only	wasserstein	in_domain	0.5	13	manual_20260506_082621	imbalv3_knn_wasserstein_in_domain_source_only_split2_subjectwise_ratio0.5_s13
smote	source_only	wasserstein	in_domain	0.5	1337	manual_20260506_023115	imbalv3_knn_wasserstein_in_domain_source_only_split2_subjectwise_ratio0.5_s1337
smote	source_only	wasserstein	in_domain	0.5	2024	manual_20260506_030120	imbalv3_knn_wasserstein_in_domain_source_only_split2_subjectwise_ratio0.5_s2024
smote	source_only	wasserstein	in_domain	0.5	256	manual_20260506_020108	imbalv3_knn_wasserstein_in_domain_source_only_split2_subjectwise_ratio0.5_s256
smote	source_only	wasserstein	in_domain	0.5	3	manual_20260506_081548	imbalv3_knn_wasserstein_in_domain_source_only_split2_subjectwise_ratio0.5_s3
smote	source_only	wasserstein	in_domain	0.5	42	manual_20260506_140953	imbalv3_knn_wasserstein_in_domain_source_only_split2_subjectwise_ratio0.5_s42
smote	source_only	wasserstein	in_domain	0.5	512	manual_20260506_020110	imbalv3_knn_wasserstein_in_domain_source_only_split2_subjectwise_ratio0.5_s512
smote	source_only	wasserstein	in_domain	0.5	7	manual_20260506_003048	imbalv3_knn_wasserstein_in_domain_source_only_split2_subjectwise_ratio0.5_s7
smote	source_only	wasserstein	in_domain	0.5	999	manual_20260506_023114	imbalv3_knn_wasserstein_in_domain_source_only_split2_subjectwise_ratio0.5_s999
smote	source_only	wasserstein	out_domain	0.1	0	manual_20260505_132418	imbalv3_knn_wasserstein_out_domain_source_only_split2_subjectwise_ratio0.1_s0
smote	source_only	wasserstein	out_domain	0.1	1	manual_20260505_135424	imbalv3_knn_wasserstein_out_domain_source_only_split2_subjectwise_ratio0.1_s1
smote	source_only	wasserstein	out_domain	0.1	123	manual_20260505_152446	imbalv3_knn_wasserstein_out_domain_source_only_split2_subjectwise_ratio0.1_s123
smote	source_only	wasserstein	out_domain	0.1	13	manual_20260505_223022	imbalv3_knn_wasserstein_out_domain_source_only_split2_subjectwise_ratio0.1_s13
smote	source_only	wasserstein	out_domain	0.1	1337	manual_20260505_162529	imbalv3_knn_wasserstein_out_domain_source_only_split2_subjectwise_ratio0.1_s1337
smote	source_only	wasserstein	out_domain	0.1	2024	manual_20260505_162528	imbalv3_knn_wasserstein_out_domain_source_only_split2_subjectwise_ratio0.1_s2024
smote	source_only	wasserstein	out_domain	0.1	256	manual_20260506_174857	imbalv3_knn_wasserstein_out_domain_source_only_split2_subjectwise_ratio0.1_s256
smote	source_only	wasserstein	out_domain	0.1	3	manual_20260505_142432	imbalv3_knn_wasserstein_out_domain_source_only_split2_subjectwise_ratio0.1_s3
smote	source_only	wasserstein	out_domain	0.1	42	manual_20260505_145441	imbalv3_knn_wasserstein_out_domain_source_only_split2_subjectwise_ratio0.1_s42
smote	source_only	wasserstein	out_domain	0.1	512	manual_20260505_155524	imbalv3_knn_wasserstein_out_domain_source_only_split2_subjectwise_ratio0.1_s512
smote	source_only	wasserstein	out_domain	0.1	7	manual_20260505_142431	imbalv3_knn_wasserstein_out_domain_source_only_split2_subjectwise_ratio0.1_s7
smote	source_only	wasserstein	out_domain	0.1	999	manual_20260505_234839	imbalv3_knn_wasserstein_out_domain_source_only_split2_subjectwise_ratio0.1_s999
smote	source_only	wasserstein	out_domain	0.5	0	manual_20260506_024616	imbalv3_knn_wasserstein_out_domain_source_only_split2_subjectwise_ratio0.5_s0
smote	source_only	wasserstein	out_domain	0.5	1	manual_20260505_135425	imbalv3_knn_wasserstein_out_domain_source_only_split2_subjectwise_ratio0.5_s1
smote	source_only	wasserstein	out_domain	0.5	123	manual_20260505_152446	imbalv3_knn_wasserstein_out_domain_source_only_split2_subjectwise_ratio0.5_s123
smote	source_only	wasserstein	out_domain	0.5	13	manual_20260505_145441	imbalv3_knn_wasserstein_out_domain_source_only_split2_subjectwise_ratio0.5_s13
smote	source_only	wasserstein	out_domain	0.5	1337	manual_20260505_162531	imbalv3_knn_wasserstein_out_domain_source_only_split2_subjectwise_ratio0.5_s1337
smote	source_only	wasserstein	out_domain	0.5	2024	manual_20260505_162529	imbalv3_knn_wasserstein_out_domain_source_only_split2_subjectwise_ratio0.5_s2024
smote	source_only	wasserstein	out_domain	0.5	256	manual_20260505_155522	imbalv3_knn_wasserstein_out_domain_source_only_split2_subjectwise_ratio0.5_s256
smote	source_only	wasserstein	out_domain	0.5	3	manual_20260505_142433	imbalv3_knn_wasserstein_out_domain_source_only_split2_subjectwise_ratio0.5_s3
smote	source_only	wasserstein	out_domain	0.5	42	manual_20260505_145441	imbalv3_knn_wasserstein_out_domain_source_only_split2_subjectwise_ratio0.5_s42
smote	source_only	wasserstein	out_domain	0.5	512	manual_20260506_031953	imbalv3_knn_wasserstein_out_domain_source_only_split2_subjectwise_ratio0.5_s512
smote	source_only	wasserstein	out_domain	0.5	7	manual_20260505_214210	imbalv3_knn_wasserstein_out_domain_source_only_split2_subjectwise_ratio0.5_s7
smote	source_only	wasserstein	out_domain	0.5	999	manual_20260505_162529	imbalv3_knn_wasserstein_out_domain_source_only_split2_subjectwise_ratio0.5_s999
smote	target_only	dtw	in_domain	0.1	0	manual_20260505_065236	imbalv3_knn_dtw_in_domain_target_only_split2_subjectwise_ratio0.1_s0
smote	target_only	dtw	in_domain	0.1	1	manual_20260505_072244	imbalv3_knn_dtw_in_domain_target_only_split2_subjectwise_ratio0.1_s1
smote	target_only	dtw	in_domain	0.1	123	manual_20260505_082306	imbalv3_knn_dtw_in_domain_target_only_split2_subjectwise_ratio0.1_s123
smote	target_only	dtw	in_domain	0.1	13	manual_20260505_075254	imbalv3_knn_dtw_in_domain_target_only_split2_subjectwise_ratio0.1_s13
smote	target_only	dtw	in_domain	0.1	1337	manual_20260505_092318	imbalv3_knn_dtw_in_domain_target_only_split2_subjectwise_ratio0.1_s1337
smote	target_only	dtw	in_domain	0.1	2024	manual_20260505_092318	imbalv3_knn_dtw_in_domain_target_only_split2_subjectwise_ratio0.1_s2024
smote	target_only	dtw	in_domain	0.1	256	manual_20260505_143204	imbalv3_knn_dtw_in_domain_target_only_split2_subjectwise_ratio0.1_s256
smote	target_only	dtw	in_domain	0.1	3	manual_20260505_072244	imbalv3_knn_dtw_in_domain_target_only_split2_subjectwise_ratio0.1_s3
smote	target_only	dtw	in_domain	0.1	42	manual_20260505_223623	imbalv3_knn_dtw_in_domain_target_only_split2_subjectwise_ratio0.1_s42
smote	target_only	dtw	in_domain	0.1	512	manual_20260505_085313	imbalv3_knn_dtw_in_domain_target_only_split2_subjectwise_ratio0.1_s512
smote	target_only	dtw	in_domain	0.1	7	manual_20260505_075255	imbalv3_knn_dtw_in_domain_target_only_split2_subjectwise_ratio0.1_s7
smote	target_only	dtw	in_domain	0.1	999	manual_20260505_233236	imbalv3_knn_dtw_in_domain_target_only_split2_subjectwise_ratio0.1_s999
smote	target_only	dtw	in_domain	0.5	0	manual_20260505_133921	imbalv3_knn_dtw_in_domain_target_only_split2_subjectwise_ratio0.5_s0
smote	target_only	dtw	in_domain	0.5	1	manual_20260505_072244	imbalv3_knn_dtw_in_domain_target_only_split2_subjectwise_ratio0.5_s1
smote	target_only	dtw	in_domain	0.5	123	manual_20260505_082303	imbalv3_knn_dtw_in_domain_target_only_split2_subjectwise_ratio0.5_s123
smote	target_only	dtw	in_domain	0.5	13	manual_20260505_075254	imbalv3_knn_dtw_in_domain_target_only_split2_subjectwise_ratio0.5_s13
smote	target_only	dtw	in_domain	0.5	1337	manual_20260505_092318	imbalv3_knn_dtw_in_domain_target_only_split2_subjectwise_ratio0.5_s1337
smote	target_only	dtw	in_domain	0.5	2024	manual_20260505_095325	imbalv3_knn_dtw_in_domain_target_only_split2_subjectwise_ratio0.5_s2024
smote	target_only	dtw	in_domain	0.5	256	manual_20260505_085313	imbalv3_knn_dtw_in_domain_target_only_split2_subjectwise_ratio0.5_s256
smote	target_only	dtw	in_domain	0.5	3	manual_20260505_222050	imbalv3_knn_dtw_in_domain_target_only_split2_subjectwise_ratio0.5_s3
smote	target_only	dtw	in_domain	0.5	42	manual_20260505_082302	imbalv3_knn_dtw_in_domain_target_only_split2_subjectwise_ratio0.5_s42
smote	target_only	dtw	in_domain	0.5	512	manual_20260505_085313	imbalv3_knn_dtw_in_domain_target_only_split2_subjectwise_ratio0.5_s512
smote	target_only	dtw	in_domain	0.5	7	manual_20260505_075255	imbalv3_knn_dtw_in_domain_target_only_split2_subjectwise_ratio0.5_s7
smote	target_only	dtw	in_domain	0.5	999	manual_20260505_143806	imbalv3_knn_dtw_in_domain_target_only_split2_subjectwise_ratio0.5_s999
smote	target_only	dtw	out_domain	0.1	0	manual_20260504_205040	imbalv3_knn_dtw_out_domain_target_only_split2_subjectwise_ratio0.1_s0
smote	target_only	dtw	out_domain	0.1	1	manual_20260505_131716	imbalv3_knn_dtw_out_domain_target_only_split2_subjectwise_ratio0.1_s1
smote	target_only	dtw	out_domain	0.1	123	manual_20260504_215057	imbalv3_knn_dtw_out_domain_target_only_split2_subjectwise_ratio0.1_s123
smote	target_only	dtw	out_domain	0.1	13	manual_20260505_151844	imbalv3_knn_dtw_out_domain_target_only_split2_subjectwise_ratio0.1_s13
smote	target_only	dtw	out_domain	0.1	1337	manual_20260504_225111	imbalv3_knn_dtw_out_domain_target_only_split2_subjectwise_ratio0.1_s1337
smote	target_only	dtw	out_domain	0.1	2024	manual_20260504_232118	imbalv3_knn_dtw_out_domain_target_only_split2_subjectwise_ratio0.1_s2024
smote	target_only	dtw	out_domain	0.1	256	manual_20260505_043735	imbalv3_knn_dtw_out_domain_target_only_split2_subjectwise_ratio0.1_s256
smote	target_only	dtw	out_domain	0.1	3	manual_20260504_212049	imbalv3_knn_dtw_out_domain_target_only_split2_subjectwise_ratio0.1_s3
smote	target_only	dtw	out_domain	0.1	42	manual_20260503_233859	imbalv3_knn_dtw_out_domain_target_only_split2_subjectwise_ratio0.1_s42
smote	target_only	dtw	out_domain	0.1	512	manual_20260504_222103	imbalv3_knn_dtw_out_domain_target_only_split2_subjectwise_ratio0.1_s512
smote	target_only	dtw	out_domain	0.1	7	manual_20260504_212049	imbalv3_knn_dtw_out_domain_target_only_split2_subjectwise_ratio0.1_s7
smote	target_only	dtw	out_domain	0.1	999	manual_20260504_225111	imbalv3_knn_dtw_out_domain_target_only_split2_subjectwise_ratio0.1_s999
smote	target_only	dtw	out_domain	0.5	0	manual_20260504_205040	imbalv3_knn_dtw_out_domain_target_only_split2_subjectwise_ratio0.5_s0
smote	target_only	dtw	out_domain	0.5	1	manual_20260504_212049	imbalv3_knn_dtw_out_domain_target_only_split2_subjectwise_ratio0.5_s1
smote	target_only	dtw	out_domain	0.5	123	manual_20260505_111114	imbalv3_knn_dtw_out_domain_target_only_split2_subjectwise_ratio0.5_s123
smote	target_only	dtw	out_domain	0.5	13	manual_20260504_215056	imbalv3_knn_dtw_out_domain_target_only_split2_subjectwise_ratio0.5_s13
smote	target_only	dtw	out_domain	0.5	1337	manual_20260505_053048	imbalv3_knn_dtw_out_domain_target_only_split2_subjectwise_ratio0.5_s1337
smote	target_only	dtw	out_domain	0.5	2024	manual_20260504_232119	imbalv3_knn_dtw_out_domain_target_only_split2_subjectwise_ratio0.5_s2024
smote	target_only	dtw	out_domain	0.5	256	manual_20260504_222104	imbalv3_knn_dtw_out_domain_target_only_split2_subjectwise_ratio0.5_s256
smote	target_only	dtw	out_domain	0.5	3	manual_20260504_212050	imbalv3_knn_dtw_out_domain_target_only_split2_subjectwise_ratio0.5_s3
smote	target_only	dtw	out_domain	0.5	42	manual_20260504_010219	imbalv3_knn_dtw_out_domain_target_only_split2_subjectwise_ratio0.5_s42
smote	target_only	dtw	out_domain	0.5	512	manual_20260504_222103	imbalv3_knn_dtw_out_domain_target_only_split2_subjectwise_ratio0.5_s512
smote	target_only	dtw	out_domain	0.5	7	manual_20260505_110443	imbalv3_knn_dtw_out_domain_target_only_split2_subjectwise_ratio0.5_s7
smote	target_only	dtw	out_domain	0.5	999	manual_20260504_225111	imbalv3_knn_dtw_out_domain_target_only_split2_subjectwise_ratio0.5_s999
smote	target_only	mmd	in_domain	0.1	0	manual_20260504_104900	imbalv3_knn_mmd_in_domain_target_only_split2_subjectwise_ratio0.1_s0
smote	target_only	mmd	in_domain	0.1	123	manual_20260503_172907	imbalv3_knn_mmd_in_domain_target_only_split2_subjectwise_ratio0.1_s123
smote	target_only	mmd	in_domain	0.1	13	manual_20260504_212419	imbalv3_knn_mmd_in_domain_target_only_split2_subjectwise_ratio0.1_s13
smote	target_only	mmd	in_domain	0.1	1337	manual_20260504_124925	imbalv3_knn_mmd_in_domain_target_only_split2_subjectwise_ratio0.1_s1337
smote	target_only	mmd	in_domain	0.1	2024	manual_20260504_124925	imbalv3_knn_mmd_in_domain_target_only_split2_subjectwise_ratio0.1_s2024
smote	target_only	mmd	in_domain	0.1	256	manual_20260504_114915	imbalv3_knn_mmd_in_domain_target_only_split2_subjectwise_ratio0.1_s256
smote	target_only	mmd	in_domain	0.1	3	manual_20260504_111908	imbalv3_knn_mmd_in_domain_target_only_split2_subjectwise_ratio0.1_s3
smote	target_only	mmd	in_domain	0.1	42	manual_20260503_142116	imbalv3_knn_mmd_in_domain_target_only_split2_subjectwise_ratio0.1_s42
smote	target_only	mmd	in_domain	0.1	512	manual_20260504_121921	imbalv3_knn_mmd_in_domain_target_only_split2_subjectwise_ratio0.1_s512
smote	target_only	mmd	in_domain	0.1	7	manual_20260504_111907	imbalv3_knn_mmd_in_domain_target_only_split2_subjectwise_ratio0.1_s7
smote	target_only	mmd	in_domain	0.1	999	manual_20260505_204528	imbalv3_knn_mmd_in_domain_target_only_split2_subjectwise_ratio0.1_s999
smote	target_only	mmd	in_domain	0.5	0	manual_20260504_212349	imbalv3_knn_mmd_in_domain_target_only_split2_subjectwise_ratio0.5_s0
smote	target_only	mmd	in_domain	0.5	123	manual_20260503_183915	imbalv3_knn_mmd_in_domain_target_only_split2_subjectwise_ratio0.5_s123
smote	target_only	mmd	in_domain	0.5	13	manual_20260504_114914	imbalv3_knn_mmd_in_domain_target_only_split2_subjectwise_ratio0.5_s13
smote	target_only	mmd	in_domain	0.5	1337	manual_20260504_124925	imbalv3_knn_mmd_in_domain_target_only_split2_subjectwise_ratio0.5_s1337
smote	target_only	mmd	in_domain	0.5	2024	manual_20260505_215143	imbalv3_knn_mmd_in_domain_target_only_split2_subjectwise_ratio0.5_s2024
smote	target_only	mmd	in_domain	0.5	256	manual_20260504_121921	imbalv3_knn_mmd_in_domain_target_only_split2_subjectwise_ratio0.5_s256
smote	target_only	mmd	in_domain	0.5	3	manual_20260504_111908	imbalv3_knn_mmd_in_domain_target_only_split2_subjectwise_ratio0.5_s3
smote	target_only	mmd	in_domain	0.5	42	manual_20260503_160530	imbalv3_knn_mmd_in_domain_target_only_split2_subjectwise_ratio0.5_s42
smote	target_only	mmd	in_domain	0.5	512	manual_20260504_121920	imbalv3_knn_mmd_in_domain_target_only_split2_subjectwise_ratio0.5_s512
smote	target_only	mmd	in_domain	0.5	7	manual_20260504_111908	imbalv3_knn_mmd_in_domain_target_only_split2_subjectwise_ratio0.5_s7
smote	target_only	mmd	in_domain	0.5	999	manual_20260504_124925	imbalv3_knn_mmd_in_domain_target_only_split2_subjectwise_ratio0.5_s999
smote	target_only	mmd	out_domain	0.1	0	manual_20260504_014002	imbalv3_knn_mmd_out_domain_target_only_split2_subjectwise_ratio0.1_s0
smote	target_only	mmd	out_domain	0.1	1	manual_20260506_175959	imbalv3_knn_mmd_out_domain_target_only_split2_subjectwise_ratio0.1_s1
smote	target_only	mmd	out_domain	0.1	123	manual_20260503_163001	imbalv3_knn_mmd_out_domain_target_only_split2_subjectwise_ratio0.1_s123
smote	target_only	mmd	out_domain	0.1	13	manual_20260504_041917	imbalv3_knn_mmd_out_domain_target_only_split2_subjectwise_ratio0.1_s13
smote	target_only	mmd	out_domain	0.1	1337	manual_20260504_055310	imbalv3_knn_mmd_out_domain_target_only_split2_subjectwise_ratio0.1_s1337
smote	target_only	mmd	out_domain	0.1	2024	manual_20260504_103627	imbalv3_knn_mmd_out_domain_target_only_split2_subjectwise_ratio0.1_s2024
smote	target_only	mmd	out_domain	0.1	256	manual_20260504_153125	imbalv3_knn_mmd_out_domain_target_only_split2_subjectwise_ratio0.1_s256
smote	target_only	mmd	out_domain	0.1	3	manual_20260504_055641	imbalv3_knn_mmd_out_domain_target_only_split2_subjectwise_ratio0.1_s3
smote	target_only	mmd	out_domain	0.1	42	manual_20260503_153526	imbalv3_knn_mmd_out_domain_target_only_split2_subjectwise_ratio0.1_s42
smote	target_only	mmd	out_domain	0.1	512	manual_20260504_021913	imbalv3_knn_mmd_out_domain_target_only_split2_subjectwise_ratio0.1_s512
smote	target_only	mmd	out_domain	0.1	7	manual_20260504_063321	imbalv3_knn_mmd_out_domain_target_only_split2_subjectwise_ratio0.1_s7
smote	target_only	mmd	out_domain	0.1	999	manual_20260504_030056	imbalv3_knn_mmd_out_domain_target_only_split2_subjectwise_ratio0.1_s999
smote	target_only	mmd	out_domain	0.5	0	manual_20260504_033234	imbalv3_knn_mmd_out_domain_target_only_split2_subjectwise_ratio0.5_s0
smote	target_only	mmd	out_domain	0.5	1	manual_20260506_183637	imbalv3_knn_mmd_out_domain_target_only_split2_subjectwise_ratio0.5_s1
smote	target_only	mmd	out_domain	0.5	123	manual_20260503_170734	imbalv3_knn_mmd_out_domain_target_only_split2_subjectwise_ratio0.5_s123
smote	target_only	mmd	out_domain	0.5	13	manual_20260504_005818	imbalv3_knn_mmd_out_domain_target_only_split2_subjectwise_ratio0.5_s13
smote	target_only	mmd	out_domain	0.5	1337	manual_20260504_032833	imbalv3_knn_mmd_out_domain_target_only_split2_subjectwise_ratio0.5_s1337
smote	target_only	mmd	out_domain	0.5	2024	manual_20260504_040945	imbalv3_knn_mmd_out_domain_target_only_split2_subjectwise_ratio0.5_s2024
smote	target_only	mmd	out_domain	0.5	256	manual_20260504_082220	imbalv3_knn_mmd_out_domain_target_only_split2_subjectwise_ratio0.5_s256
smote	target_only	mmd	out_domain	0.5	3	manual_20260503_234230	imbalv3_knn_mmd_out_domain_target_only_split2_subjectwise_ratio0.5_s3
smote	target_only	mmd	out_domain	0.5	42	manual_20260503_162100	imbalv3_knn_mmd_out_domain_target_only_split2_subjectwise_ratio0.5_s42
smote	target_only	mmd	out_domain	0.5	512	manual_20260504_024050	imbalv3_knn_mmd_out_domain_target_only_split2_subjectwise_ratio0.5_s512
smote	target_only	mmd	out_domain	0.5	7	manual_20260504_001457	imbalv3_knn_mmd_out_domain_target_only_split2_subjectwise_ratio0.5_s7
smote	target_only	mmd	out_domain	0.5	999	manual_20260504_174553	imbalv3_knn_mmd_out_domain_target_only_split2_subjectwise_ratio0.5_s999
smote	target_only	wasserstein	in_domain	0.1	0	manual_20260506_030120	imbalv3_knn_wasserstein_in_domain_target_only_split2_subjectwise_ratio0.1_s0
smote	target_only	wasserstein	in_domain	0.1	1	manual_20260506_155202	imbalv3_knn_wasserstein_in_domain_target_only_split2_subjectwise_ratio0.1_s1
smote	target_only	wasserstein	in_domain	0.1	123	manual_20260506_113732	imbalv3_knn_wasserstein_in_domain_target_only_split2_subjectwise_ratio0.1_s123
smote	target_only	wasserstein	in_domain	0.1	13	manual_20260506_172320	imbalv3_knn_wasserstein_in_domain_target_only_split2_subjectwise_ratio0.1_s13
smote	target_only	wasserstein	in_domain	0.1	1337	manual_20260506_053220	imbalv3_knn_wasserstein_in_domain_target_only_split2_subjectwise_ratio0.1_s1337
smote	target_only	wasserstein	in_domain	0.1	2024	manual_20260506_060233	imbalv3_knn_wasserstein_in_domain_target_only_split2_subjectwise_ratio0.1_s2024
smote	target_only	wasserstein	in_domain	0.1	256	manual_20260506_050214	imbalv3_knn_wasserstein_in_domain_target_only_split2_subjectwise_ratio0.1_s256
smote	target_only	wasserstein	in_domain	0.1	3	manual_20260506_033125	imbalv3_knn_wasserstein_in_domain_target_only_split2_subjectwise_ratio0.1_s3
smote	target_only	wasserstein	in_domain	0.1	42	manual_20260506_043136	imbalv3_knn_wasserstein_in_domain_target_only_split2_subjectwise_ratio0.1_s42
smote	target_only	wasserstein	in_domain	0.1	512	manual_20260506_050214	imbalv3_knn_wasserstein_in_domain_target_only_split2_subjectwise_ratio0.1_s512
smote	target_only	wasserstein	in_domain	0.1	7	manual_20260506_033125	imbalv3_knn_wasserstein_in_domain_target_only_split2_subjectwise_ratio0.1_s7
smote	target_only	wasserstein	in_domain	0.1	999	manual_20260506_053220	imbalv3_knn_wasserstein_in_domain_target_only_split2_subjectwise_ratio0.1_s999
smote	target_only	wasserstein	in_domain	0.5	0	manual_20260506_030120	imbalv3_knn_wasserstein_in_domain_target_only_split2_subjectwise_ratio0.5_s0
smote	target_only	wasserstein	in_domain	0.5	1	manual_20260506_112228	imbalv3_knn_wasserstein_in_domain_target_only_split2_subjectwise_ratio0.5_s1
smote	target_only	wasserstein	in_domain	0.5	123	manual_20260506_050213	imbalv3_knn_wasserstein_in_domain_target_only_split2_subjectwise_ratio0.5_s123
smote	target_only	wasserstein	in_domain	0.5	13	manual_20260506_043137	imbalv3_knn_wasserstein_in_domain_target_only_split2_subjectwise_ratio0.5_s13
smote	target_only	wasserstein	in_domain	0.5	1337	manual_20260506_053220	imbalv3_knn_wasserstein_in_domain_target_only_split2_subjectwise_ratio0.5_s1337
smote	target_only	wasserstein	in_domain	0.5	2024	manual_20260506_060233	imbalv3_knn_wasserstein_in_domain_target_only_split2_subjectwise_ratio0.5_s2024
smote	target_only	wasserstein	in_domain	0.5	256	manual_20260506_050212	imbalv3_knn_wasserstein_in_domain_target_only_split2_subjectwise_ratio0.5_s256
smote	target_only	wasserstein	in_domain	0.5	3	manual_20260506_033125	imbalv3_knn_wasserstein_in_domain_target_only_split2_subjectwise_ratio0.5_s3
smote	target_only	wasserstein	in_domain	0.5	42	manual_20260506_043208	imbalv3_knn_wasserstein_in_domain_target_only_split2_subjectwise_ratio0.5_s42
smote	target_only	wasserstein	in_domain	0.5	7	manual_20260506_040132	imbalv3_knn_wasserstein_in_domain_target_only_split2_subjectwise_ratio0.5_s7
smote	target_only	wasserstein	in_domain	0.5	999	manual_20260506_053220	imbalv3_knn_wasserstein_in_domain_target_only_split2_subjectwise_ratio0.5_s999
smote	target_only	wasserstein	out_domain	0.1	0	manual_20260505_165534	imbalv3_knn_wasserstein_out_domain_target_only_split2_subjectwise_ratio0.1_s0
smote	target_only	wasserstein	out_domain	0.1	1	manual_20260506_033556	imbalv3_knn_wasserstein_out_domain_target_only_split2_subjectwise_ratio0.1_s1
smote	target_only	wasserstein	out_domain	0.1	123	manual_20260505_182856	imbalv3_knn_wasserstein_out_domain_target_only_split2_subjectwise_ratio0.1_s123
smote	target_only	wasserstein	out_domain	0.1	13	manual_20260505_175849	imbalv3_knn_wasserstein_out_domain_target_only_split2_subjectwise_ratio0.1_s13
smote	target_only	wasserstein	out_domain	0.1	1337	manual_20260506_052247	imbalv3_knn_wasserstein_out_domain_target_only_split2_subjectwise_ratio0.1_s1337
smote	target_only	wasserstein	out_domain	0.1	2024	manual_20260505_195919	imbalv3_knn_wasserstein_out_domain_target_only_split2_subjectwise_ratio0.1_s2024
smote	target_only	wasserstein	out_domain	0.1	256	manual_20260505_185902	imbalv3_knn_wasserstein_out_domain_target_only_split2_subjectwise_ratio0.1_s256
smote	target_only	wasserstein	out_domain	0.1	3	manual_20260505_172842	imbalv3_knn_wasserstein_out_domain_target_only_split2_subjectwise_ratio0.1_s3
smote	target_only	wasserstein	out_domain	0.1	42	manual_20260505_182854	imbalv3_knn_wasserstein_out_domain_target_only_split2_subjectwise_ratio0.1_s42
smote	target_only	wasserstein	out_domain	0.1	512	manual_20260505_185903	imbalv3_knn_wasserstein_out_domain_target_only_split2_subjectwise_ratio0.1_s512
smote	target_only	wasserstein	out_domain	0.1	7	manual_20260505_175848	imbalv3_knn_wasserstein_out_domain_target_only_split2_subjectwise_ratio0.1_s7
smote	target_only	wasserstein	out_domain	0.1	999	manual_20260505_192912	imbalv3_knn_wasserstein_out_domain_target_only_split2_subjectwise_ratio0.1_s999
smote	target_only	wasserstein	out_domain	0.5	0	manual_20260505_165536	imbalv3_knn_wasserstein_out_domain_target_only_split2_subjectwise_ratio0.5_s0
smote	target_only	wasserstein	out_domain	0.5	1	manual_20260505_172841	imbalv3_knn_wasserstein_out_domain_target_only_split2_subjectwise_ratio0.5_s1
smote	target_only	wasserstein	out_domain	0.5	123	manual_20260506_005824	imbalv3_knn_wasserstein_out_domain_target_only_split2_subjectwise_ratio0.5_s123
smote	target_only	wasserstein	out_domain	0.5	13	manual_20260506_045111	imbalv3_knn_wasserstein_out_domain_target_only_split2_subjectwise_ratio0.5_s13
smote	target_only	wasserstein	out_domain	0.5	2024	manual_20260505_195918	imbalv3_knn_wasserstein_out_domain_target_only_split2_subjectwise_ratio0.5_s2024
smote	target_only	wasserstein	out_domain	0.5	256	manual_20260505_185903	imbalv3_knn_wasserstein_out_domain_target_only_split2_subjectwise_ratio0.5_s256
smote	target_only	wasserstein	out_domain	0.5	3	manual_20260505_172842	imbalv3_knn_wasserstein_out_domain_target_only_split2_subjectwise_ratio0.5_s3
smote	target_only	wasserstein	out_domain	0.5	42	manual_20260505_182857	imbalv3_knn_wasserstein_out_domain_target_only_split2_subjectwise_ratio0.5_s42
smote	target_only	wasserstein	out_domain	0.5	512	manual_20260505_192911	imbalv3_knn_wasserstein_out_domain_target_only_split2_subjectwise_ratio0.5_s512
smote	target_only	wasserstein	out_domain	0.5	7	manual_20260505_175849	imbalv3_knn_wasserstein_out_domain_target_only_split2_subjectwise_ratio0.5_s7
smote	target_only	wasserstein	out_domain	0.5	999	manual_20260505_192912	imbalv3_knn_wasserstein_out_domain_target_only_split2_subjectwise_ratio0.5_s999
smote_plain	mixed	dtw	in_domain	0.1	0	manual_20260505_095324	smote_plain_knn_dtw_in_domain_mixed_split2_ratio0.1_s0
smote_plain	mixed	dtw	in_domain	0.1	1	manual_20260505_144409	smote_plain_knn_dtw_in_domain_mixed_split2_ratio0.1_s1
smote_plain	mixed	dtw	in_domain	0.1	123	manual_20260505_162258	smote_plain_knn_dtw_in_domain_mixed_split2_ratio0.1_s123
smote_plain	mixed	dtw	in_domain	0.1	13	manual_20260505_105339	smote_plain_knn_dtw_in_domain_mixed_split2_ratio0.1_s13
smote_plain	mixed	dtw	in_domain	0.1	1337	manual_20260505_174414	smote_plain_knn_dtw_in_domain_mixed_split2_ratio0.1_s1337
smote_plain	mixed	dtw	in_domain	0.1	2024	manual_20260505_195316	smote_plain_knn_dtw_in_domain_mixed_split2_ratio0.1_s2024
smote_plain	mixed	dtw	in_domain	0.1	256	manual_20260505_164132	smote_plain_knn_dtw_in_domain_mixed_split2_ratio0.1_s256
smote_plain	mixed	dtw	in_domain	0.1	3	manual_20260505_102333	smote_plain_knn_dtw_in_domain_mixed_split2_ratio0.1_s3
smote_plain	mixed	dtw	in_domain	0.1	42	manual_20260505_105340	smote_plain_knn_dtw_in_domain_mixed_split2_ratio0.1_s42
smote_plain	mixed	dtw	in_domain	0.1	512	manual_20260505_115355	smote_plain_knn_dtw_in_domain_mixed_split2_ratio0.1_s512
smote_plain	mixed	dtw	in_domain	0.1	7	manual_20260505_102334	smote_plain_knn_dtw_in_domain_mixed_split2_ratio0.1_s7
smote_plain	mixed	dtw	in_domain	0.1	999	manual_20260505_122403	smote_plain_knn_dtw_in_domain_mixed_split2_ratio0.1_s999
smote_plain	mixed	dtw	in_domain	0.5	1	manual_20260505_102332	smote_plain_knn_dtw_in_domain_mixed_split2_ratio0.5_s1
smote_plain	mixed	dtw	in_domain	0.5	13	manual_20260505_105340	smote_plain_knn_dtw_in_domain_mixed_split2_ratio0.5_s13
smote_plain	mixed	dtw	in_domain	0.5	2024	manual_20260506_042306	smote_plain_knn_dtw_in_domain_mixed_split2_ratio0.5_s2024
smote_plain	mixed	dtw	in_domain	0.5	42	manual_20260506_010326	smote_plain_knn_dtw_in_domain_mixed_split2_ratio0.5_s42
smote_plain	mixed	dtw	in_domain	0.5	512	manual_20260505_115355	smote_plain_knn_dtw_in_domain_mixed_split2_ratio0.5_s512
smote_plain	mixed	dtw	in_domain	0.5	7	manual_20260505_155251	smote_plain_knn_dtw_in_domain_mixed_split2_ratio0.5_s7
smote_plain	mixed	dtw	out_domain	0.1	0	manual_20260504_232119	smote_plain_knn_dtw_out_domain_mixed_split2_ratio0.1_s0
smote_plain	mixed	dtw	out_domain	0.1	1	manual_20260504_235125	smote_plain_knn_dtw_out_domain_mixed_split2_ratio0.1_s1
smote_plain	mixed	dtw	out_domain	0.1	123	manual_20260505_070008	smote_plain_knn_dtw_out_domain_mixed_split2_ratio0.1_s123
smote_plain	mixed	dtw	out_domain	0.1	13	manual_20260505_144207	smote_plain_knn_dtw_out_domain_mixed_split2_ratio0.1_s13
smote_plain	mixed	dtw	out_domain	0.1	1337	manual_20260505_025209	smote_plain_knn_dtw_out_domain_mixed_split2_ratio0.1_s1337
smote_plain	mixed	dtw	out_domain	0.1	2024	manual_20260505_171815	smote_plain_knn_dtw_out_domain_mixed_split2_ratio0.1_s2024
smote_plain	mixed	dtw	out_domain	0.1	256	manual_20260505_012148	smote_plain_knn_dtw_out_domain_mixed_split2_ratio0.1_s256
smote_plain	mixed	dtw	out_domain	0.1	3	manual_20260504_235126	smote_plain_knn_dtw_out_domain_mixed_split2_ratio0.1_s3
smote_plain	mixed	dtw	out_domain	0.1	42	manual_20260505_005140	smote_plain_knn_dtw_out_domain_mixed_split2_ratio0.1_s42
smote_plain	mixed	dtw	out_domain	0.1	7	manual_20260505_002131	smote_plain_knn_dtw_out_domain_mixed_split2_ratio0.1_s7
smote_plain	mixed	dtw	out_domain	0.1	999	manual_20260505_164733	smote_plain_knn_dtw_out_domain_mixed_split2_ratio0.1_s999
smote_plain	mixed	dtw	out_domain	0.5	1	manual_20260504_235125	smote_plain_knn_dtw_out_domain_mixed_split2_ratio0.5_s1
smote_plain	mixed	dtw	out_domain	0.5	123	manual_20260505_012147	smote_plain_knn_dtw_out_domain_mixed_split2_ratio0.5_s123
smote_plain	mixed	dtw	out_domain	0.5	13	manual_20260505_005140	smote_plain_knn_dtw_out_domain_mixed_split2_ratio0.5_s13
smote_plain	mixed	dtw	out_domain	0.5	1337	manual_20260505_025210	smote_plain_knn_dtw_out_domain_mixed_split2_ratio0.5_s1337
smote_plain	mixed	dtw	out_domain	0.5	42	manual_20260505_005140	smote_plain_knn_dtw_out_domain_mixed_split2_ratio0.5_s42
smote_plain	mixed	dtw	out_domain	0.5	512	manual_20260505_162228	smote_plain_knn_dtw_out_domain_mixed_split2_ratio0.5_s512
smote_plain	mixed	dtw	out_domain	0.5	999	manual_20260505_022202	smote_plain_knn_dtw_out_domain_mixed_split2_ratio0.5_s999
smote_plain	mixed	mmd	in_domain	0.1	0	manual_20260504_131932	smote_plain_knn_mmd_in_domain_mixed_split2_ratio0.1_s0
smote_plain	mixed	mmd	in_domain	0.1	1	manual_20260504_131932	smote_plain_knn_mmd_in_domain_mixed_split2_ratio0.1_s1
smote_plain	mixed	mmd	in_domain	0.1	123	manual_20260504_144947	smote_plain_knn_mmd_in_domain_mixed_split2_ratio0.1_s123
smote_plain	mixed	mmd	in_domain	0.1	13	manual_20260504_141941	smote_plain_knn_mmd_in_domain_mixed_split2_ratio0.1_s13
smote_plain	mixed	mmd	in_domain	0.1	1337	manual_20260504_162004	smote_plain_knn_mmd_in_domain_mixed_split2_ratio0.1_s1337
smote_plain	mixed	mmd	in_domain	0.1	2024	manual_20260504_165012	smote_plain_knn_mmd_in_domain_mixed_split2_ratio0.1_s2024
smote_plain	mixed	mmd	in_domain	0.1	256	manual_20260504_151952	smote_plain_knn_mmd_in_domain_mixed_split2_ratio0.1_s256
smote_plain	mixed	mmd	in_domain	0.1	3	manual_20260504_134935	smote_plain_knn_mmd_in_domain_mixed_split2_ratio0.1_s3
smote_plain	mixed	mmd	in_domain	0.1	42	manual_20260504_144947	smote_plain_knn_mmd_in_domain_mixed_split2_ratio0.1_s42
smote_plain	mixed	mmd	in_domain	0.1	512	manual_20260504_231418	smote_plain_knn_mmd_in_domain_mixed_split2_ratio0.1_s512
smote_plain	mixed	mmd	in_domain	0.1	7	manual_20260504_134935	smote_plain_knn_mmd_in_domain_mixed_split2_ratio0.1_s7
smote_plain	mixed	mmd	in_domain	0.1	999	manual_20260504_154959	smote_plain_knn_mmd_in_domain_mixed_split2_ratio0.1_s999
smote_plain	mixed	mmd	in_domain	0.5	1	manual_20260505_082101	smote_plain_knn_mmd_in_domain_mixed_split2_ratio0.5_s1
smote_plain	mixed	mmd	in_domain	0.5	13	manual_20260504_230043	smote_plain_knn_mmd_in_domain_mixed_split2_ratio0.5_s13
smote_plain	mixed	mmd	in_domain	0.5	2024	manual_20260504_172018	smote_plain_knn_mmd_in_domain_mixed_split2_ratio0.5_s2024
smote_plain	mixed	mmd	in_domain	0.5	42	manual_20260504_144947	smote_plain_knn_mmd_in_domain_mixed_split2_ratio0.5_s42
smote_plain	mixed	mmd	in_domain	0.5	512	manual_20260506_025218	smote_plain_knn_mmd_in_domain_mixed_split2_ratio0.5_s512
smote_plain	mixed	mmd	in_domain	0.5	7	manual_20260504_141942	smote_plain_knn_mmd_in_domain_mixed_split2_ratio0.5_s7
smote_plain	mixed	mmd	out_domain	0.1	0	manual_20260504_041144	smote_plain_knn_mmd_out_domain_mixed_split2_ratio0.1_s0
smote_plain	mixed	mmd	out_domain	0.1	1	manual_20260504_051732	smote_plain_knn_mmd_out_domain_mixed_split2_ratio0.1_s1
smote_plain	mixed	mmd	out_domain	0.1	123	manual_20260504_112840	smote_plain_knn_mmd_out_domain_mixed_split2_ratio0.1_s123
smote_plain	mixed	mmd	out_domain	0.1	13	manual_20260504_091737	smote_plain_knn_mmd_out_domain_mixed_split2_ratio0.1_s13
smote_plain	mixed	mmd	out_domain	0.1	1337	manual_20260504_174723	smote_plain_knn_mmd_out_domain_mixed_split2_ratio0.1_s1337
smote_plain	mixed	mmd	out_domain	0.1	2024	manual_20260505_002302	smote_plain_knn_mmd_out_domain_mixed_split2_ratio0.1_s2024
smote_plain	mixed	mmd	out_domain	0.1	256	manual_20260504_142041	smote_plain_knn_mmd_out_domain_mixed_split2_ratio0.1_s256
smote_plain	mixed	mmd	out_domain	0.1	3	manual_20260504_062017	smote_plain_knn_mmd_out_domain_mixed_split2_ratio0.1_s3
smote_plain	mixed	mmd	out_domain	0.1	42	manual_20260504_220700	smote_plain_knn_mmd_out_domain_mixed_split2_ratio0.1_s42
smote_plain	mixed	mmd	out_domain	0.1	7	manual_20260504_140940	smote_plain_knn_mmd_out_domain_mixed_split2_ratio0.1_s7
smote_plain	mixed	mmd	out_domain	0.1	999	manual_20260504_214054	smote_plain_knn_mmd_out_domain_mixed_split2_ratio0.1_s999
smote_plain	mixed	mmd	out_domain	0.5	1	manual_20260504_122551	smote_plain_knn_mmd_out_domain_mixed_split2_ratio0.5_s1
smote_plain	mixed	mmd	out_domain	0.5	123	manual_20260504_125156	smote_plain_knn_mmd_out_domain_mixed_split2_ratio0.5_s123
smote_plain	mixed	mmd	out_domain	0.5	13	manual_20260504_094243	smote_plain_knn_mmd_out_domain_mixed_split2_ratio0.5_s13
smote_plain	mixed	mmd	out_domain	0.5	1337	manual_20260504_180026	smote_plain_knn_mmd_out_domain_mixed_split2_ratio0.5_s1337
smote_plain	mixed	mmd	out_domain	0.5	42	manual_20260504_142412	smote_plain_knn_mmd_out_domain_mixed_split2_ratio0.5_s42
smote_plain	mixed	mmd	out_domain	0.5	512	manual_20260504_154055	smote_plain_knn_mmd_out_domain_mixed_split2_ratio0.5_s512
smote_plain	mixed	mmd	out_domain	0.5	999	manual_20260504_212821	smote_plain_knn_mmd_out_domain_mixed_split2_ratio0.5_s999
smote_plain	mixed	wasserstein	in_domain	0.1	0	manual_20260506_060233	smote_plain_knn_wasserstein_in_domain_mixed_split2_ratio0.1_s0
smote_plain	mixed	wasserstein	in_domain	0.1	1	manual_20260506_123814	smote_plain_knn_wasserstein_in_domain_mixed_split2_ratio0.1_s1
smote_plain	mixed	wasserstein	in_domain	0.1	13	manual_20260506_070237	smote_plain_knn_wasserstein_in_domain_mixed_split2_ratio0.1_s13
smote_plain	mixed	wasserstein	in_domain	0.1	1337	manual_20260506_083301	smote_plain_knn_wasserstein_in_domain_mixed_split2_ratio0.1_s1337
smote_plain	mixed	wasserstein	in_domain	0.1	2024	manual_20260506_093302	smote_plain_knn_wasserstein_in_domain_mixed_split2_ratio0.1_s2024
smote_plain	mixed	wasserstein	in_domain	0.1	256	manual_20260506_080246	smote_plain_knn_wasserstein_in_domain_mixed_split2_ratio0.1_s256
smote_plain	mixed	wasserstein	in_domain	0.1	3	manual_20260506_063231	smote_plain_knn_wasserstein_in_domain_mixed_split2_ratio0.1_s3
smote_plain	mixed	wasserstein	in_domain	0.1	42	manual_20260506_073242	smote_plain_knn_wasserstein_in_domain_mixed_split2_ratio0.1_s42
smote_plain	mixed	wasserstein	in_domain	0.1	7	manual_20260506_125916	smote_plain_knn_wasserstein_in_domain_mixed_split2_ratio0.1_s7
smote_plain	mixed	wasserstein	in_domain	0.5	1	manual_20260506_063231	smote_plain_knn_wasserstein_in_domain_mixed_split2_ratio0.5_s1
smote_plain	mixed	wasserstein	in_domain	0.5	13	manual_20260506_131247	smote_plain_knn_wasserstein_in_domain_mixed_split2_ratio0.5_s13
smote_plain	mixed	wasserstein	in_domain	0.5	2024	manual_20260506_093302	smote_plain_knn_wasserstein_in_domain_mixed_split2_ratio0.5_s2024
smote_plain	mixed	wasserstein	in_domain	0.5	42	manual_20260506_073242	smote_plain_knn_wasserstein_in_domain_mixed_split2_ratio0.5_s42
smote_plain	mixed	wasserstein	in_domain	0.5	512	manual_20260506_141323	smote_plain_knn_wasserstein_in_domain_mixed_split2_ratio0.5_s512
smote_plain	mixed	wasserstein	in_domain	0.5	7	manual_20260506_070237	smote_plain_knn_wasserstein_in_domain_mixed_split2_ratio0.5_s7
smote_plain	mixed	wasserstein	out_domain	0.1	0	manual_20260506_072109	smote_plain_knn_wasserstein_out_domain_mixed_split2_ratio0.1_s0
smote_plain	mixed	wasserstein	out_domain	0.1	1	manual_20260505_202925	smote_plain_knn_wasserstein_out_domain_mixed_split2_ratio0.1_s1
smote_plain	mixed	wasserstein	out_domain	0.1	123	manual_20260505_213009	smote_plain_knn_wasserstein_out_domain_mixed_split2_ratio0.1_s123
smote_plain	mixed	wasserstein	out_domain	0.1	13	manual_20260505_210002	smote_plain_knn_wasserstein_out_domain_mixed_split2_ratio0.1_s13
smote_plain	mixed	wasserstein	out_domain	0.1	1337	manual_20260505_230030	smote_plain_knn_wasserstein_out_domain_mixed_split2_ratio0.1_s1337
